title,rating,name,num_reviews,genre
Words of Radiance,4.75,Brandon Sanderson,"16,467",fantasy
Heartstopper: Volume Four,4.67,Alice Oseman,"24,694",romance
The Way of Kings,4.64,Brandon Sanderson,"26,924",fantasy
Heartstopper: Volume Three,4.63,Alice Oseman,"26,083",romance
A Court of Mist and Fury,4.62,Sarah J. Maas,"74,155",fantasy
Crooked Kingdom,4.61,Leigh Bardugo,"54,178",fantasy
Kingdom of Ash,4.61,Sarah J. Maas,"25,709",fantasy
Oathbringer,4.61,Brandon Sanderson,"11,521",fantasy
Rhythm of War,4.61,Brandon Sanderson,"7,833",fantasy
Harry Potter and the Prisoner of Azkaban,4.58,J.K. Rowling,"69,913",fantasy
Harry Potter and the Half-Blood Prince,4.58,J.K. Rowling,"48,681",fantasy
The King's Men,4.58,Nora Sakavic,"6,595",sports
The Boy Who Was Raised as a Dog: And Other Stories from a Child Psychiatrist's Notebook,4.58,Bruce D. Perry,"2,221",psychology
Harry Potter and the Goblet of Fire,4.57,J.K. Rowling,"58,014",fantasy
"Braiding Sweetgrass: Indigenous Wisdom, Scientific Knowledge, and the Teachings of Plants",4.57,Robin Wall Kimmerer,"9,542",science
Clockwork Princess,4.56,Cassandra Clare,"36,010",fantasy
Empire of Storms,4.56,Sarah J. Maas,"28,397",fantasy
The Wise Man's Fear,4.55,Patrick Rothfuss,"24,831",fantasy
The House of Hades,4.55,Rick Riordan,"18,228",fantasy
The Return of the King,4.55,J.R.R. Tolkien,"13,934",fantasy
The Complete Maus,4.55,Art Spiegelman,"11,198",history
A Storm of Swords,4.54,George R.R. Martin,"23,432",fantasy
Caste: The Origins of Our Discontents,4.54,Isabel Wilkerson,"15,960",history
A Memory of Light,4.54,Robert Jordan,"7,263",fantasy
Stamped from the Beginning: The Definitive History of Racist Ideas in America,4.54,Ibram X. Kendi,"4,686",history
The Last Olympian,4.53,Rick Riordan,"31,256",fantasy
The Name of the Wind,4.52,Patrick Rothfuss,"48,609",fantasy
Project Hail Mary,4.52,Andy Weir,"41,501",thriller
The Hero of Ages,4.51,Brandon Sanderson,"21,942",fantasy
Harry Potter and the Order of the Phoenix,4.5,J.K. Rowling,"53,161",fantasy
The Winter of the Witch,4.5,Katherine Arden,"8,399",fantasy
Six of Crows,4.49,Leigh Bardugo,"77,389",fantasy
House of Earth and Blood,4.48,Sarah J. Maas,"38,550",fantasy
Harry Potter and the Sorcerer's Stone,4.47,J.K. Rowling,"1,37,696",fantasy
Being Mortal: Medicine and What Matters in the End,4.47,Atul Gawande,"18,154",science
Shoe Dog: A Memoir by the Creator of Nike,4.47,Phil Knight,"14,547",sports
"The Body Keeps the Score: Brain, Mind, and Body in the Healing of Trauma",4.47,Bessel van der Kolk,"8,485",psychology
The Final Empire,4.46,Brandon Sanderson,"38,451",fantasy
Heir of Fire,4.46,Sarah J. Maas,"35,048",fantasy
The Mark of Athena,4.46,Rick Riordan,"20,471",fantasy
The Two Towers,4.46,J.R.R. Tolkien,"14,708",fantasy
The Green Mile,4.46,Stephen King,"10,191",horror
The Color of Law: A Forgotten History of How Our Government Segregated America,4.45,Richard Rothstein,"4,281",history
Towers of Midnight,4.45,Robert Jordan,"3,638",fantasy
A Game of Thrones,4.44,George R.R. Martin,"58,284",fantasy
The Warmth of Other Suns: the Epic Story of America's Great Migration,4.44,Isabel Wilkerson,"10,765",history
Say Nothing: A True Story of Murder and Memory in Northern Ireland,4.44,Patrick Radden Keefe,"8,919",history
Muse of Nightmares,4.44,Laini Taylor,"8,750",fantasy
Uzumaki,4.44,Junji Ito,"5,180",horror
Verity,4.43,Colleen Hoover,"1,21,802",romance
Harry Potter and the Chamber of Secrets,4.43,J.K. Rowling,"66,335",fantasy
A Court of Wings and Ruin,4.43,Sarah J. Maas,"49,278",romance
Winter,4.43,Marissa Meyer,"28,673",fantasy
Clockwork Prince,4.43,Cassandra Clare,"28,067",fantasy
A Kingdom of Flesh and Fire,4.43,Jennifer L. Armentrout,"20,218",fantasy
Heated Rivalry,4.43,Rachel Reid,"2,056",sports
Behave: The Biology of Humans at Our Best and Worst,4.43,Robert M. Sapolsky,"2,053",psychology
Cress,4.42,Marissa Meyer,"30,575",fantasy
The Son of Neptune,4.42,Rick Riordan,"19,453",fantasy
The Blood of Olympus,4.42,Rick Riordan,"18,733",fantasy
The Martian,4.41,Andy Weir,"80,419",science
A Court of Silver Flames,4.41,Sarah J. Maas,"38,265",fantasy
The Battle of the Labyrinth,4.41,Rick Riordan,"26,172",fantasy
A Clash of Kings,4.41,George R.R. Martin,"25,515",fantasy
Blood Song,4.41,Anthony Ryan,"4,408",fantasy
Spillover: Animal Infections and the Next Human Pandemic,4.41,David Quammen,"1,989",science
The Foundation Trilogy,4.41,Isaac Asimov,"1,946",science_fiction
City of Heavenly Fire,4.4,Cassandra Clare,"26,402",fantasy
Endurance: Shackleton's Incredible Voyage,4.4,Alfred Lansing,"7,848",history
Voices from Chernobyl: The Oral History of a Nuclear Disaster,4.4,Svetlana Alexievich,"6,419",history
Dead Beat,4.4,Jim Butcher,"4,152",fantasy
"Band of Brothers: E Company, 506th Regiment, 101st Airborne from Normandy to Hitler's Eagle's Nest",4.4,Stephen E. Ambrose,"3,171",history
It Ends with Us,4.39,Colleen Hoover,"1,47,653",romance
The Book Thief,4.39,Markus Zusak,"1,29,623",history
The Song of Achilles,4.39,Madeline Miller,"1,05,238",fantasy
Sapiens: A Brief History of Humankind,4.39,Yuval Noah Harari,"46,149",history
Rule of Wolves,4.39,Leigh Bardugo,"14,473",fantasy
The Dragon Republic,4.39,R.F. Kuang,"9,909",fantasy
The Gathering Storm,4.39,Robert Jordan,"4,244",fantasy
Proven Guilty,4.39,Jim Butcher,"3,296",fantasy
The Shadow of the Sun,4.39,Ryszard Kapuściński,"1,050",travel
Atomic Habits: An Easy & Proven Way to Build Good Habits & Break Bad Ones,4.38,James Clear,"32,194",psychology
The Fellowship of the Ring,4.38,J.R.R. Tolkien,"30,534",fantasy
"Maybe You Should Talk to Someone: A Therapist, Her Therapist, and Our Lives Revealed",4.38,Lori Gottlieb,"20,993",psychology
Why We Sleep: Unlocking the Power of Sleep and Dreams,4.38,Matthew Walker,"14,995",psychology
Voyager,4.38,Diana Gabaldon,"12,097",romance
The Raven King,4.38,Nora Sakavic,"5,535",sports
Cosmos,4.38,Carl Sagan,"3,905",science
Going Postal,4.38,Terry Pratchett,"3,787",fantasy
"Entangled Life: How Fungi Make Our Worlds, Change Our Minds & Shape Our Futures",4.38,Merlin Sheldrake,"2,705",science
Men at Arms,4.38,Terry Pratchett,"2,490",fantasy
Adult Children of Emotionally Immature Parents,4.38,Lindsay C. Gibson,"2,305",psychology
The Complete Stories and Poems,4.38,Edgar Allan Poe,"2,077",horror
An Indigenous Peoples' History of the United States,4.38,Roxanne Dunbar-Ortiz,"1,933",history
Consent to Kill,4.38,Vince Flynn,"1,199",thriller
"Unbroken: A World War II Story of Survival, Resilience and Redemption",4.37,Laura Hillenbrand,"48,362",history
A Good Girl's Guide to Murder,4.37,Holly Jackson,"43,630",thriller
The Queen of Nothing,4.37,Holly Black,"39,771",fantasy
The Well of Ascension,4.37,Brandon Sanderson,"21,130",fantasy
Lady Midnight,4.37,Cassandra Clare,"20,642",fantasy
Firekeeper's Daughter,4.37,Angeline Boulley,"12,782",thriller
Never Split the Difference: Negotiating As If Your Life Depended On It,4.37,Chris Voss,"7,349",psychology
The Ultimate Hitchhiker's Guide to the Galaxy,4.37,Douglas Adams,"5,849",science_fiction
Midnight in Chernobyl: The Untold Story of the World's Greatest Nuclear Disaster,4.37,Adam Higginbotham,"4,680",history
Postwar: A History of Europe Since 1945,4.37,Tony Judt,866,history
Crown of Midnight,4.36,Sarah J. Maas,"40,269",fantasy
Night,4.36,Elie Wiesel,"33,412",history
Man's Search for Meaning,4.36,Viktor E. Frankl,"31,061",history
Love and Other Words,4.36,Christina Lauren,"26,068",romance
The Boys in the Boat: Nine Americans and Their Epic Quest for Gold at the 1936 Berlin Olympics,4.36,Daniel James Brown,"23,897",history
Factfulness: Ten Reasons We're Wrong About the World – and Why Things Are Better Than You Think,4.36,Hans Rosling,"12,886",psychology
The Stone Sky,4.36,N.K. Jemisin,"10,164",fantasy
Maus I: A Survivor's Tale: My Father Bleeds History,4.36,Art Spiegelman,"8,163",history
Battle Cry of Freedom,4.36,James M. McPherson,"1,429",history
From Lukov with Love,4.35,Mariana Zapata,"18,825",sports
The Girl in the Tower,4.35,Katherine Arden,"9,081",fantasy
When Nietzsche Wept,4.35,Irvin D. Yalom,"4,090",psychology
The Gene: An Intimate History,4.35,Siddhartha Mukherjee,"3,975",science
Bloodlands: Europe Between Hitler and Stalin,4.35,Timothy Snyder,"1,344",history
The Stand,4.34,Stephen King,"25,756",science_fiction
Drums of Autumn,4.34,Diana Gabaldon,"9,061",romance
The Autobiography of Malcolm X,4.34,Malcolm X,"8,044",history
Different Seasons,4.34,Stephen King,"5,497",horror
Nonviolent Communication: A Language of Life,4.34,Marshall B. Rosenberg,"2,972",psychology
Golden Fool,4.34,Robin Hobb,"1,772",fantasy
Scythe,4.33,Neal Shusterman,"32,784",fantasy
A Dance with Dragons,4.33,George R.R. Martin,"23,232",fantasy
The Assassin's Blade,4.33,Sarah J. Maas,"21,196",fantasy
A Conjuring of Light,4.33,V.E. Schwab,"16,696",fantasy
The Language of Thorns: Midnight Tales and Dangerous Magic,4.33,Leigh Bardugo,"8,270",fantasy
Fool's Errand,4.33,Robin Hobb,"2,591",fantasy
Thud!,4.33,Terry Pratchett,"1,971",fantasy
The Hunger Games,4.32,Suzanne Collins,"1,86,913",romance
The Little Prince,4.32,Antoine de Saint-Exupéry,"53,594",fantasy
The Lost Hero,4.32,Rick Riordan,"27,024",fantasy
The Fifth Season,4.32,N.K. Jemisin,"24,422",fantasy
Before They Are Hanged,4.32,Joe Abercrombie,"5,960",fantasy
Guards! Guards!,4.32,Terry Pratchett,"5,598",fantasy
Us,4.32,Sarina Bowen,"3,123",sports
Transfer of Power,4.32,Vince Flynn,"2,226",thriller
Extreme Measures,4.32,Vince Flynn,"1,086",thriller
Reflected in You,4.31,Sylvia Day,"10,919",romance
Kulti,4.31,Mariana Zapata,"10,723",romance
The Obelisk Gate,4.31,N.K. Jemisin,"10,105",fantasy
The Body: A Guide for Occupants,4.31,Bill Bryson,"7,620",science
The Emperor of All Maladies: A Biography of Cancer,4.31,Siddhartha Mukherjee,"7,506",science
Last Argument of Kings,4.31,Joe Abercrombie,"6,347",fantasy
Small Gods,4.31,Terry Pratchett,"3,737",fantasy
Kill Shot,4.31,Vince Flynn,"2,235",thriller
The Gulag Archipelago 1918–1956,4.31,Aleksandr Solzhenitsyn,"1,898",history
"Stalingrad: The Fateful Siege, 1942–1943",4.31,Antony Beevor,"1,218",history
Pale Blue Dot: A Vision of the Human Future in Space,4.31,Carl Sagan,"1,194",science
Separation of Power,4.31,Vince Flynn,"1,092",thriller
Memorial Day,4.31,Vince Flynn,"1,086",thriller
Executive Power,4.31,Vince Flynn,979,thriller
The Gift of Therapy: An Open Letter to a New Generation of Therapists and Their Patients,4.31,Irvin D. Yalom,856,psychology
Catching Fire,4.3,Suzanne Collins,"1,04,892",romance
The Love Hypothesis,4.3,Ali Hazelwood,"86,608",romance
nov-09,4.3,Colleen Hoover,"49,598",romance
Ender's Game,4.3,Orson Scott Card,"46,346",science_fiction
"Born to Run: A Hidden Tribe, Superathletes, and the Greatest Race the World Has Never Seen",4.3,Christopher McDougall,"15,494",sports
A Hat Full of Sky,4.3,Terry Pratchett,"2,304",fantasy
Act of Treason,4.3,Vince Flynn,"1,073",thriller
The Archetypes and the Collective Unconscious,4.3,C.G. Jung,197,psychology
The Lightning Thief,4.29,Rick Riordan,"78,539",fantasy
From Blood and Ash,4.29,Jennifer L. Armentrout,"33,960",fantasy
City of Glass,4.29,Cassandra Clare,"31,804",fantasy
Hopeless,4.29,Colleen Hoover,"28,949",romance
The Lies of Locke Lamora,4.29,Scott Lynch,"17,915",fantasy
Warbreaker,4.29,Brandon Sanderson,"12,162",fantasy
The Risk,4.29,Elle Kennedy,"6,753",sports
Shadows of Self,4.29,Brandon Sanderson,"6,323",fantasy
Him,4.29,Sarina Bowen,"6,004",sports
Kings of the Wyld,4.29,Nicholas Eames,"5,953",fantasy
Brief Answers to the Big Questions,4.29,Stephen Hawking,"4,756",science
Death Masks,4.29,Jim Butcher,"4,020",fantasy
Blood Rites,4.29,Jim Butcher,"3,612",fantasy
Wild Magic,4.29,Tamora Pierce,"2,355",fantasy
Feet of Clay,4.29,Terry Pratchett,"2,073",fantasy
Last Chance to See,4.29,Douglas Adams,"1,325",travel
Billions & Billions: Thoughts on Life and Death at the Brink of the Millennium,4.29,Carl Sagan,609,science
Between the Woods and the Water,4.29,Patrick Leigh Fermor,326,travel
Pride and Prejudice,4.28,Jane Austen,"91,195",romance
The Hobbit,4.28,J.R.R. Tolkien,"58,878",fantasy
And Then There Were None,4.28,Agatha Christie,"49,086",romance
The Shadow of the Wind,4.28,Carlos Ruiz Zafón,"44,165",thriller
Howl’s Moving Castle,4.28,Diana Wynne Jones,"21,907",fantasy
Tower of Dawn,4.28,Sarah J. Maas,"21,074",fantasy
Strange the Dreamer,4.28,Laini Taylor,"19,111",fantasy
The Wall of Winnipeg and Me,4.28,Mariana Zapata,"18,489",romance
Sword of Destiny,4.28,Andrzej Sapkowski,"8,179",fantasy
Swan Song,4.28,Robert McCammon,"4,213",horror
The Demon-Haunted World: Science as a Candle in the Dark,4.28,Carl Sagan,"3,428",science
"Gödel, Escher, Bach: An Eternal Golden Braid",4.28,Douglas R. Hofstadter,"2,063",science
The Crucifix Killer,4.28,Chris Carter,"1,936",thriller
The Code Book: The Science of Secrecy from Ancient Egypt to Quantum Cryptography,4.28,Simon Singh,"1,489",science
Fermat's Enigma,4.28,Simon Singh,"1,422",science
The Travel Book: A Journey Through Every Country in the World,4.28,Roz Hopkins,181,travel
Beartown,4.27,Fredrik Backman,"35,035",sports
The Deal,4.27,Elle Kennedy,"33,424",sports
I Am Pilgrim,4.27,Terry Hayes,"11,794",thriller
"Daring Greatly: How the Courage to Be Vulnerable Transforms the Way We Live, Love, Parent, and Lead",4.27,Brené Brown,"11,422",psychology
"The Splendid and the Vile: A Saga of Churchill, Family, and Defiance During the Blitz",4.27,Erik Larson,"10,440",history
Open,4.27,Andre Agassi,"7,718",sports
His Dark Materials,4.27,Philip Pullman,"5,523",fantasy
The Wee Free Men,4.27,Terry Pratchett,"4,970",fantasy
Days Gone Bye,4.27,Robert Kirkman,"4,533",horror
Baptism of Fire,4.27,Andrzej Sapkowski,"4,126",fantasy
Lirael,4.27,Garth Nix,"3,472",fantasy
Reaper Man,4.27,Terry Pratchett,"3,321",fantasy
Lost Connections: Uncovering the Real Causes of Depression - and the Unexpected Solutions,4.27,Johann Hari,"3,125",psychology
The Fifth Elephant,4.27,Terry Pratchett,"1,702",fantasy
Me Before You,4.26,Jojo Moyes,"89,573",romance
Circe,4.26,Madeline Miller,"73,779",fantasy
An Ember in the Ashes,4.26,Sabaa Tahir,"30,450",fantasy
Piranesi,4.26,Susanna Clarke,"26,832",fantasy
The Murder of Roger Ackroyd,4.26,Agatha Christie,"16,425",thriller
"Blue Lily, Lily Blue",4.26,Maggie Stiefvater,"15,679",fantasy
The 5 Love Languages: The Secret to Love that Lasts,4.26,Gary Chapman,"15,116",psychology
Shantaram,4.26,Gregory David Roberts,"15,082",travel
Frostbite,4.26,Richelle Mead,"12,435",fantasy
The Crossover,4.26,Kwame Alexander,"8,428",sports
Team of Rivals: The Political Genius of Abraham Lincoln,4.26,Doris Kearns Goodwin,"7,732",history
"""Surely You're Joking, Mr. Feynman!"": Adventures of a Curious Character",4.26,Richard P. Feynman,"6,991",science
The Dark Tower,4.26,Stephen King,"6,670",fantasy
The Shadow Rising,4.26,Robert Jordan,"5,441",fantasy
Daughter of the Forest,4.26,Juliet Marillier,"4,788",fantasy
"Check, Please! Book 1: #Hockey",4.26,Ngozi Ukazu,"4,154",sports
Beyond the Shadows,4.26,Brent Weeks,"2,357",fantasy
Lioness Rampant,4.26,Tamora Pierce,"1,873",fantasy
The Third Option,4.26,Vince Flynn,"1,260",thriller
Phantoms in the Brain: Probing the Mysteries of the Human Mind,4.26,V.S. Ramachandran,760,psychology
Atlas Obscura: An Explorer's Guide to the World's Hidden Wonders,4.26,Joshua Foer,609,travel
Rick Steves' Europe Through the Back Door,4.26,Rick Steves,200,travel
Outlander,4.25,Diana Gabaldon,"50,202",romance
Dune,4.25,Frank Herbert,"48,223",science_fiction
Scarlet,4.25,Marissa Meyer,"35,316",romance
"Good Omens: The Nice and Accurate Prophecies of Agnes Nutter, Witch",4.25,Terry Pratchett,"32,994",fantasy
The Shining,4.25,Stephen King,"31,719",romance
It,4.25,Stephen King,"30,774",thriller
Red Rising,4.25,Pierce Brown,"30,388",fantasy
A Torch Against the Night,4.25,Sabaa Tahir,"15,104",fantasy
The Great Hunt,4.25,Robert Jordan,"8,319",fantasy
Wizard and Glass,4.25,Stephen King,"6,994",fantasy
Alanna: The First Adventure,4.25,Tamora Pierce,"5,590",fantasy
Moneyball: The Art of Winning an Unfair Game,4.25,Michael Lewis,"5,475",sports
Killman Creek,4.25,Rachel Caine,"3,829",thriller
Criminal,4.25,Karin Slaughter,"3,033",thriller
Homeland,4.25,R.A. Salvatore,"2,832",fantasy
The Cabinet of Curiosities,4.25,Douglas Preston,"2,524",thriller
Ship of Destiny,4.25,Robin Hobb,"2,431",fantasy
The Mad Ship,4.25,Robin Hobb,"2,240",fantasy
Shadow's Edge,4.25,Brent Weeks,"2,189",fantasy
Thief of Time,4.25,Terry Pratchett,"1,884",fantasy
River Town: Two Years on the Yangtze,4.25,Peter Hessler,"1,118",travel
QED: The Strange Theory of Light and Matter,4.25,Richard P. Feynman,577,science
Ready Player One,4.24,Ernest Cline,"96,120",science_fiction
The Sea of Monsters,4.24,Rick Riordan,"36,127",fantasy
The Girl Who Played with Fire,4.24,Stieg Larsson,"35,740",romance
Rebecca,4.24,Daphne du Maurier,"32,776",romance
A Gathering of Shadows,4.24,V.E. Schwab,"20,144",fantasy
Hyperion,4.24,Dan Simmons,"10,278",science_fiction
The Gifts of Imperfection,4.24,Brené Brown,"9,545",psychology
Preludes & Nocturnes,4.24,Neil Gaiman,"8,210",fantasy
Red Seas Under Red Skies,4.24,Scott Lynch,"6,972",fantasy
The Waste Lands,4.24,Stephen King,"6,663",horror
Royal Assassin,4.24,Robin Hobb,"6,425",fantasy
The Warded Man,4.24,Peter V. Brett,"5,906",fantasy
"How to Change Your Mind: What the New Science of Psychedelics Teaches Us About Consciousness, Dying, Addiction, Depression, and Transcendence",4.24,Michael Pollan,"5,749",psychology
Devil in Winter,4.24,Lisa Kleypas,"5,271",romance
Think Again: The Power of Knowing What You Don't Know,4.24,Adam M. Grant,"4,838",psychology
The Tower of the Swallow,4.24,Andrzej Sapkowski,"3,333",fantasy
Making Money,4.24,Terry Pratchett,"2,174",fantasy
A Briefer History of Time,4.24,Stephen Hawking,"1,486",science
Love's Executioner and Other Tales of Psychotherapy,4.24,Irvin D. Yalom,"1,406",psychology
The Girl Who Kicked the Hornet's Nest,4.23,Stieg Larsson,"30,260",romance
"The Lion, the Witch and the Wardrobe",4.23,C.S. Lewis,"27,553",fantasy
Vicious,4.23,V.E. Schwab,"27,000",thriller
City of Lost Souls,4.23,Cassandra Clare,"22,641",romance
The Priory of the Orange Tree,4.23,Samantha Shannon,"18,958",fantasy
Slammed,4.23,Colleen Hoover,"18,583",romance
Legendary,4.23,Stephanie Garber,"15,541",fantasy
How the King of Elfhame Learned to Hate Stories,4.23,Holly Black,"13,185",fantasy
Lethal White,4.23,Robert Galbraith,"12,101",thriller
Old Man's War,4.23,John Scalzi,"10,785",science_fiction
The Ruins of Gorlan,4.23,John Flanagan,"8,941",fantasy
The Silence of the Lambs,4.23,Thomas Harris,"7,629",romance
The Rithmatist,4.23,Brandon Sanderson,"7,182",fantasy
Mort,4.23,Terry Pratchett,"6,588",fantasy
Th1rt3en,4.23,Steve Cavanagh,"5,865",thriller
Hogfather,4.23,Terry Pratchett,"3,033",fantasy
Bloodline,4.23,James Rollins,"1,314",thriller
Ryker,4.23,Sawyer Bennett,"1,111",sports
The Hitchhiker's Guide to the Galaxy,4.22,Douglas Adams,"37,664",science_fiction
Regretting You,4.22,Colleen Hoover,"21,108",romance
If We Were Villains,4.22,M.L. Rio,"19,067",thriller
Gideon the Ninth,4.22,Tamsyn Muir,"14,664",fantasy
Homo Deus: A History of Tomorrow,4.22,Yuval Noah Harari,"14,166",history
Nevernight,4.22,Jay Kristoff,"13,152",fantasy
The Drawing of the Three,4.22,Stephen King,"9,063",horror
Dance of Thieves,4.22,Mary E. Pearson,"7,919",fantasy
The Dispossessed,4.22,Ursula K. Le Guin,"7,611",science_fiction
Black Sun,4.22,Rebecca Roanhorse,"6,383",fantasy
Ghost,4.22,Jason Reynolds,"5,658",sports
The Last Mile,4.22,David Baldacci,"4,902",thriller
Bury My Heart at Wounded Knee: An Indian History of the American West,4.22,Dee Brown,"4,716",history
Long Shot,4.22,Kennedy Ryan,"4,362",sports
Foundation and Empire,4.22,Isaac Asimov,"4,344",science_fiction
The Fall of Hyperion,4.22,Dan Simmons,"4,097",science_fiction
Worth Dying For,4.22,Lee Child,"3,719",thriller
Abhorsen,4.22,Garth Nix,"2,709",fantasy
In the Hand of the Goddess,4.22,Tamora Pierce,"2,242",fantasy
Wintersmith,4.22,Terry Pratchett,"2,046",fantasy
How to Win Friends and Influence People,4.21,Dale Carnegie,"20,422",psychology
Into Thin Air: A Personal Account of the Mount Everest Disaster,4.21,Jon Krakauer,"16,108",travel
Spinning Silver,4.21,Naomi Novik,"15,640",fantasy
The Score,4.21,Elle Kennedy,"14,976",sports
The Alloy of Law,4.21,Brandon Sanderson,"10,382",fantasy
"I, Robot",4.21,Isaac Asimov,"8,547",science_fiction
The Chestnut Man,4.21,Søren Sveistrup,"7,253",thriller
Battle Royale,4.21,Koushun Takami,"6,565",thriller
The Republic of Thieves,4.21,Scott Lynch,"5,735",fantasy
A Knight of the Seven Kingdoms,4.21,George R.R. Martin,"5,445",fantasy
The Righteous Mind: Why Good People Are Divided by Politics and Religion,4.21,Jonathan Haidt,"5,137",psychology
Seabiscuit: An American Legend,4.21,Laura Hillenbrand,"4,723",sports
Foundryside,4.21,Robert Jackson Bennett,"4,646",fantasy
Theft of Swords,4.21,Michael J. Sullivan,"4,392",fantasy
"Empire of the Summer Moon: Quanah Parker and the Rise and Fall of the Comanches, the Most Powerful Indian Tribe in American History",4.21,S.C. Gwynne,"4,224",history
The Poet,4.21,Michael Connelly,"3,638",thriller
Undone,4.21,Karin Slaughter,"2,480",thriller
Fallen,4.21,Karin Slaughter,"2,332",thriller
The Plantagenets: The Warrior Kings and Queens Who Made England,4.21,Dan Jones,"1,563",history
Six Easy Pieces: Essentials of Physics By Its Most Brilliant Teacher,4.21,Richard P. Feynman,929,science
"Dream Team: How Michael, Magic, Larry, Charles, and the Greatest Team of All Time Conquered the World and Changed the Game of Basketball Forever",4.21,Jack McCallum,535,sports
When the Game Was Ours,4.21,Larry Bird,527,sports
Black Lamb and Grey Falcon,4.21,Rebecca West,345,travel
Carry On,4.2,Rainbow Rowell,"33,816",fantasy
The Institute,4.2,Stephen King,"21,774",horror
Misery,4.2,Stephen King,"18,902",romance
A Short History of Nearly Everything,4.2,Bill Bryson,"14,428",history
One Flew Over the Cuckoo's Nest,4.2,Ken Kesey,"13,441",psychology
A Brief History of Time,4.2,Stephen Hawking,"11,056",science
Alexander Hamilton,4.2,Ron Chernow,"9,490",history
Influence: The Psychology of Persuasion,4.2,Robert B. Cialdini,"4,779",psychology
The Fourth Monkey,4.2,J.D. Barker,"4,400",thriller
Best Served Cold,4.2,Joe Abercrombie,"3,850",fantasy
The Blue Sword,4.2,Robin McKinley,"3,120",fantasy
"Debt: The First 5,000 Years",4.2,David Graeber,"2,244",history
Monstrous Regiment,4.2,Terry Pratchett,"2,215",fantasy
The Rise of Theodore Roosevelt,4.2,Edmund Morris,"2,010",history
Without Remorse,4.2,Tom Clancy,"1,646",thriller
The Noonday Demon: An Atlas of Depression,4.2,Andrew Solomon,"1,111",psychology
Rubicon: The Last Years of the Roman Republic,4.2,Tom Holland,"1,055",history
The Sports Gene: Inside the Science of Extraordinary Athletic Performance,4.2,David Epstein,"1,005",sports
Relativity: The Special and the General Theory,4.2,Albert Einstein,768,science
"Parallel Worlds: A Journey through Creation, Higher Dimensions, and the Future of the Cosmos",4.2,Michio Kaku,728,science
Modern Man in Search of a Soul,4.2,C.G. Jung,516,psychology
The Breaks of the Game,4.2,David Halberstam,329,sports
1984,4.19,George Orwell,"92,373",science_fiction
A Court of Thorns and Roses,4.19,Sarah J. Maas,"89,960",fantasy
As Good As Dead,4.19,Holly Jackson,"13,175",thriller
The Book of Life,4.19,Deborah Harkness,"12,992",fantasy
The Hidden Oracle,4.19,Rick Riordan,"12,957",fantasy
Entwined with You,4.19,Sylvia Day,"10,443",romance
A Reaper at the Gates,4.19,Sabaa Tahir,"9,158",fantasy
Fantastic Beasts and Where to Find Them: The Original Screenplay,4.19,J.K. Rowling,"8,256",fantasy
On Tyranny: Twenty Lessons from the Twentieth Century,4.19,Timothy Snyder,"7,172",history
The Throne of Fire,4.19,Rick Riordan,"6,846",fantasy
Assassin's Quest,4.19,Robin Hobb,"6,420",fantasy
Eye of the Needle,4.19,Ken Follett,"3,517",thriller
The Escape,4.19,David Baldacci,"3,170",thriller
Undaunted Courage: The Pioneering First Mission to Explore America's Wild Frontier,4.19,Stephen E. Ambrose,"2,810",history
Booked,4.19,Kwame Alexander,"2,692",sports
The Brain that Changes Itself: Stories of Personal Triumph from the Frontiers of Brain Science,4.19,Norman Doidge,"2,398",psychology
Still Life With Crows,4.19,Douglas Preston,"1,819",thriller
The Book of Basketball: The NBA According to The Sports Guy,4.19,Bill Simmons,"1,069",sports
Dragons of Eden: Speculations on the Evolution of Human Intelligence,4.19,Carl Sagan,846,science
The Diary of a Young Girl,4.18,Anne Frank,"35,591",history
Outliers: The Story of Success,4.18,Malcolm Gladwell,"29,856",psychology
Flowers for Algernon,4.18,Daniel Keyes,"25,459",science_fiction
King of Scars,4.18,Leigh Bardugo,"20,301",fantasy
Elantris,4.18,Brandon Sanderson,"14,286",fantasy
The Phantom Tollbooth,4.18,Norton Juster,"11,951",fantasy
On Dublin Street,4.18,Samantha Young,"10,223",romance
Deep Work: Rules for Focused Success in a Distracted World,4.18,Cal Newport,"9,969",psychology
Wolves of the Calla,4.18,Stephen King,"5,029",fantasy
The Naturals,4.18,Jennifer Lynn Barnes,"4,561",thriller
Watchers,4.18,Dean Koontz,"4,559",horror
Gone Tomorrow,4.18,Lee Child,"3,507",thriller
The Rise and Fall of the Third Reich: A History of Nazi Germany,4.18,William L. Shirer,"3,473",history
Absolute Power,4.18,David Baldacci,"2,189",thriller
Lords and Ladies,4.18,Terry Pratchett,"1,881",fantasy
The Call of Cthulhu and Other Weird Stories,4.18,H.P. Lovecraft,"1,833",horror
The Universe in a Nutshell,4.18,Stephen Hawking,"1,166",science
Enchanters' End Game,4.18,David Eddings,"1,093",fantasy
Dance of Death,4.18,Douglas Preston,"1,084",thriller
Man and His Symbols,4.18,C.G. Jung,"1,035",psychology
Why Evolution Is True,4.18,Jerry A. Coyne,995,science
"The Big Picture: On the Origins of Life, Meaning, and the Universe Itself",4.18,Sean Carroll,846,science
Neverwhere,4.17,Neil Gaiman,"26,072",fantasy
"Saga, Volume 1",4.17,Brian K. Vaughan,"15,029",fantasy
"Thinking, Fast and Slow",4.17,Daniel Kahneman,"14,417",psychology
Foundation,4.17,Isaac Asimov,"13,674",science_fiction
The Omnivore's Dilemma: A Natural History of Four Meals,4.17,Michael Pollan,"13,632",science
Assassin's Apprentice,4.17,Robin Hobb,"13,308",fantasy
Walking Disaster,4.17,Jamie McGuire,"12,258",romance
Real,4.17,Katy Evans,"7,730",sports
The Time of Contempt,4.17,Andrzej Sapkowski,"5,107",fantasy
Ship of Magic,4.17,Robin Hobb,"3,756",fantasy
The Rise and Fall of the Dinosaurs: A New History of a Lost World,4.17,Stephen Brusatte,"3,234",science
Knife of Dreams,4.17,Robert Jordan,"2,906",fantasy
The Whisperer,4.17,Donato Carrisi,"2,083",thriller
Die Therapie,4.17,Sebastian Fitzek,"2,012",thriller
Body Double,4.17,Tess Gerritsen,"1,968",thriller
The Woman Who Rides Like a Man,4.17,Tamora Pierce,"1,784",fantasy
Jingo,4.17,Terry Pratchett,"1,704",fantasy
Zack,4.17,Sawyer Bennett,"1,292",sports
The Devil Colony,4.17,James Rollins,"1,279",thriller
Arabian Sands,4.17,Wilfred Thesiger,345,travel
The Fault in Our Stars,4.16,John Green,"1,68,215",romance
Divergent,4.16,Veronica Roth,"1,14,503",romance
The Silent Patient,4.16,Alex Michaelides,"1,06,713",thriller
"Red, White & Royal Blue",4.16,Casey McQuiston,"74,777",romance
The Girl with the Dragon Tattoo,4.16,Stieg Larsson,"73,077",romance
Recursion,4.16,Blake Crouch,"22,221",thriller
Bared to You,4.16,Sylvia Day,"19,780",romance
The Lost Man,4.16,Jane Harper,"9,217",thriller
Fallen Too Far,4.16,Abbi Glines,"8,826",romance
Sabriel,4.16,Garth Nix,"8,771",fantasy
2001: A Space Odyssey,4.16,Arthur C. Clarke,"7,222",science_fiction
"Destiny of the Republic: A Tale of Madness, Medicine and the Murder of a President",4.16,Candice Millard,"6,983",history
The Female of the Species,4.16,Mindy McGinnis,"6,856",thriller
The Last Unicorn,4.16,Peter S. Beagle,"5,052",fantasy
The Moon Is a Harsh Mistress,4.16,Robert A. Heinlein,"4,399",science_fiction
Lord of Chaos,4.16,Robert Jordan,"4,070",fantasy
The Blind Side,4.16,Michael Lewis,"4,069",sports
The Gift of Fear: Survival Signals That Protect Us from Violence,4.16,Gavin de Becker,"3,779",psychology
The Guns of August,4.16,Barbara W. Tuchman,"2,979",history
Without Fail,4.16,Lee Child,"2,909",thriller
The Silk Roads: A New History of the World,4.16,Peter Frankopan,"2,891",history
The Rape of Nanking: The Forgotten Holocaust of World War II,4.16,Iris Chang,"2,782",history
Ice Cold,4.16,Tess Gerritsen,"2,448",thriller
Broken,4.16,Karin Slaughter,"2,243",thriller
The Hot Shot,4.16,Kristen Callihan,"1,443",sports
The Judas Strain,4.16,James Rollins,"1,363",thriller
The Doomsday Key,4.16,James Rollins,"1,111",thriller
The Last Oracle,4.16,James Rollins,992,thriller
Castle of Wizardry,4.16,David Eddings,872,fantasy
On Becoming a Person: A Therapist's View of Psychotherapy,4.16,Carl R. Rogers,422,psychology
The Secret History,4.15,Donna Tartt,"42,558",thriller
A Feast for Crows,4.15,George R.R. Martin,"22,857",fantasy
Charlie and the Chocolate Factory,4.15,Roald Dahl,"14,252",fantasy
Nimona,4.15,N.D. Stevenson,"13,740",fantasy
The Last Song,4.15,Nicholas Sparks,"12,565",romance
The Martian Chronicles,4.15,Ray Bradbury,"9,609",science_fiction
La Belle Sauvage,4.15,Philip Pullman,"8,809",fantasy
Down Among the Sticks and Bones,4.15,Seanan McGuire,"7,712",fantasy
The Devotion of Suspect X,4.15,Keigo Higashino,"6,431",thriller
Welcome to Lovecraft,4.15,Joe Hill,"6,045",horror
The Demon King,4.15,Cinda Williams Chima,"5,643",fantasy
The Innocent,4.15,David Baldacci,"5,245",thriller
The Selfish Gene,4.15,Richard Dawkins,"4,369",science
Mystic River,4.15,Dennis Lehane,"4,327",thriller
Einstein: His Life and Universe,4.15,Walter Isaacson,"4,041",science
Daemon,4.15,Daniel Suarez,"3,269",thriller
The Friend Zone,4.15,Kristen Callihan,"2,764",sports
Fractured,4.15,Karin Slaughter,"2,665",thriller
The Curse of Chalion,4.15,Lois McMaster Bujold,"2,639",fantasy
I Contain Multitudes: The Microbes Within Us and a Grander View of Life,4.15,Ed Yong,"2,406",science
The Better Angels of Our Nature: Why Violence Has Declined,4.15,Steven Pinker,"2,299",psychology
The Greatest Show on Earth: The Evidence for Evolution,4.15,Richard Dawkins,"2,042",science
Puck Me Secretly,4.15,Odette Stone,"1,869",sports
Stone Cold,4.15,David Baldacci,"1,868",thriller
Carpe Jugulum,4.15,Terry Pratchett,"1,578",fantasy
The English Assassin,4.15,Daniel Silva,"1,499",thriller
Stay,4.15,Sarina Bowen,"1,401",sports
The Book of the Dead,4.15,Douglas Preston,"1,342",thriller
The Coffin Dancer,4.15,Jeffery Deaver,"1,340",thriller
Black Order,4.15,James Rollins,"1,238",thriller
The Old Ways: A Journey on Foot,4.15,Robert Macfarlane,"1,164",travel
All the Bright Places,4.14,Jennifer Niven,"43,910",romance
The Graveyard Book,4.14,Neil Gaiman,"35,747",horror
Memoirs of a Geisha,4.14,Arthur Golden,"33,194",romance
The Last Wish,4.14,Andrzej Sapkowski,"19,485",fantasy
The Radium Girls: The Dark Story of America's Shining Women,4.14,Kate Moore,"15,031",history
Days of Blood & Starlight,4.14,Laini Taylor,"14,860",fantasy
Steelheart,4.14,Brandon Sanderson,"14,555",fantasy
La Vérité sur l'Affaire Harry Quebert,4.14,Joël Dicker,"13,032",thriller
The Power of Now: A Guide to Spiritual Enlightenment,4.14,Eckhart Tolle,"12,943",psychology
The City of Brass,4.14,S.A. Chakraborty,"12,917",fantasy
The 7 Habits of Highly Effective People: Powerful Lessons in Personal Change,4.14,Stephen R. Covey,"12,914",psychology
What If? Serious Scientific Answers to Absurd Hypothetical Questions,4.14,Randall Munroe,"9,985",science
Moon Called,4.14,Patricia Briggs,"9,408",fantasy
The Forever War,4.14,Joe Haldeman,"6,675",science_fiction
The Wright Brothers,4.14,David McCullough,"6,640",history
Grave Peril,4.14,Jim Butcher,"6,415",fantasy
The Sixth Extinction: An Unnatural History,4.14,Elizabeth Kolbert,"6,334",science
The Hot Zone: The Terrifying True Story of the Origins of the Ebola Virus,4.14,Richard Preston,"5,874",science
The 48 Laws of Power,4.14,Robert Greene,"5,786",psychology
The Way of Shadows,4.14,Brent Weeks,"5,521",fantasy
Attached: The New Science of Adult Attachment and How It Can Help You Find—and Keep—Love,4.14,Amir Levine,"4,495",psychology
Contact,4.14,Carl Sagan,"3,861",science_fiction
Wayward,4.14,Blake Crouch,"3,367",thriller
"Friday Night Lights: A Town, a Team, and a Dream",4.14,H.G. Bissinger,"2,850",sports
Brimstone,4.14,Douglas Preston,"1,417",thriller
Amazonia,4.14,James Rollins,"1,338",thriller
Kon-Tiki,4.14,Thor Heyerdahl,"1,304",travel
The Ancestor's Tale: A Pilgrimage to the Dawn of Evolution,4.14,Richard Dawkins,836,science
Origins: Fourteen Billion Years of Cosmic Evolution,4.14,Neil deGrasse Tyson,649,science
"Hyperspace: A Scientific Odyssey Through Parallel Universes, Time Warps, and the Tenth Dimension",4.14,Michio Kaku,580,science
The Undiscovered Self,4.14,C.G. Jung,557,psychology
The Handmaid's Tale,4.13,Margaret Atwood,"84,260",science_fiction
The Giver,4.13,Lois Lowry,"72,274",fantasy
City of Ashes,4.13,Cassandra Clare,"33,522",fantasy
The Hound of the Baskervilles,4.13,Arthur Conan Doyle,"10,350",thriller
State of Terror,4.13,Hillary Rodham Clinton,"7,065",thriller
In the Heart of the Sea: The Tragedy of the Whaleship Essex,4.13,Nathaniel Philbrick,"6,472",history
False Witness,4.13,Karin Slaughter,"5,541",thriller
The Affair,4.13,Lee Child,"4,385",thriller
The Talisman,4.13,Stephen King,"4,110",horror
The Girls I've Been,4.13,Tess Sharpe,"3,953",thriller
Promise of Blood,4.13,Brian McClellan,"3,571",fantasy
The Hit,4.13,David Baldacci,"3,471",thriller
The Forgotten,4.13,David Baldacci,"3,362",thriller
King Leopold's Ghost,4.13,Adam Hochschild,"3,356",history
The Hero With a Thousand Faces,4.13,Joseph Campbell,"2,595",psychology
The Apprentice,4.13,Tess Gerritsen,"2,449",thriller
The Gray Man,4.13,Mark Greaney,"2,126",thriller
The Nowhere Man,4.13,Gregg Andrew Hurwitz,"2,008",thriller
The Sinner,4.13,Tess Gerritsen,"1,926",thriller
Vanish,4.13,Tess Gerritsen,"1,926",thriller
The Understatement of the Year,4.13,Sarina Bowen,"1,844",sports
Queen of Sorcery,4.13,David Eddings,"1,291",fantasy
The Odessa File,4.13,Frederick Forsyth,912,thriller
Clear and Present Danger,4.13,Tom Clancy,908,thriller
Doctor Sleep,4.12,Stephen King,"21,455",thriller
The Power of Habit: Why We Do What We Do in Life and Business,4.12,Charles Duhigg,"20,525",psychology
Death on the Nile,4.12,Agatha Christie,"13,673",thriller
The One,4.12,John Marrs,"13,228",thriller
The Girl Who Drank the Moon,4.12,Kelly Barnhill,"13,156",fantasy
The Good Daughter,4.12,Karin Slaughter,"12,078",thriller
Dreams of Gods & Monsters,4.12,Laini Taylor,"12,078",fantasy
The Goose Girl,4.12,Shannon Hale,"10,541",fantasy
The Mists of Avalon,4.12,Marion Zimmer Bradley,"7,171",fantasy
Wizard's First Rule,4.12,Terry Goodkind,"7,125",fantasy
Naked in Death,4.12,J.D. Robb,"6,933",thriller
The Five: The Untold Lives of the Women Killed by Jack the Ripper,4.12,Hallie Rubenhold,"6,393",history
Along Came a Spider,4.12,James Patterson,"5,964",thriller
Redwall,4.12,Brian Jacques,"4,509",fantasy
Furies of Calderon,4.12,Jim Butcher,"4,507",fantasy
What Lies Between Us,4.12,John Marrs,"4,053",thriller
El psicoanalista,4.12,John Katzenbach,"3,654",thriller
Persuader,4.12,Lee Child,"3,278",thriller
The Farthest Shore,4.12,Ursula K. Le Guin,"2,975",fantasy
The Target,4.12,David Baldacci,"2,948",thriller
The Order of Time,4.12,Carlo Rovelli,"2,850",science
Washington: A Life,4.12,Ron Chernow,"2,801",history
A Little History of the World,4.12,E.H. Gombrich,"2,275",history
"The Willpower Instinct: How Self-Control Works, Why It Matters, and What You Can Do to Get More of It",4.12,Kelly McGonigal,"2,019",psychology
The Chemistry of Death,4.12,Simon Beckett,"1,317",thriller
The Denial of Death,4.12,Ernest Becker,"1,153",psychology
"Memories, Dreams, Reflections",4.12,C.G. Jung,988,psychology
The Boys of Summer,4.12,Roger Kahn,474,sports
Gone Girl,4.11,Gillian Flynn,"1,42,406",romance
American Gods,4.11,Neil Gaiman,"42,969",fantasy
Children of Blood and Bone,4.11,Tomi Adeyemi,"28,645",fantasy
Vampire Academy,4.11,Richelle Mead,"24,376",romance
Angelfall,4.11,Susan Ee,"16,922",fantasy
Fablehaven,4.11,Brandon Mull,"11,346",fantasy
Rubinrot,4.11,Kerstin Gier,"11,322",fantasy
Stillhouse Lake,4.11,Rachel Caine,"10,080",thriller
Razorblade Tears,4.11,S.A. Cosby,"8,602",thriller
Childhood's End,4.11,Arthur C. Clarke,"6,323",science_fiction
Jade City,4.11,Fonda Lee,"6,299",fantasy
The Perfect Child,4.11,Lucinda Berry,"5,511",thriller
Rendezvous with Rama,4.11,Arthur C. Clarke,"4,901",science_fiction
Women Who Run With the Wolves: Myths and Stories of the Wild Woman Archetype,4.11,Clarissa Pinkola Estés,"4,651",psychology
61 Hours,4.11,Lee Child,"4,432",thriller
The Witching Hour,4.11,Anne Rice,"4,178",horror
Triptych,4.11,Karin Slaughter,"4,100",thriller
The Kept Woman,4.11,Karin Slaughter,"3,574",thriller
Psycho,4.11,Robert Bloch,"3,146",horror
Gone for Good,4.11,Harlan Coben,"3,026",thriller
Rules of Prey,4.11,John Sandford,"2,565",thriller
The Winner,4.11,David Baldacci,"1,992",thriller
The Keepsake,4.11,Tess Gerritsen,"1,904",thriller
Fever Dream,4.11,Douglas Preston,"1,663",thriller
1493: Uncovering the New World Columbus Created,4.11,Charles C. Mann,"1,538",history
The Player and the Pixie,4.11,L.H. Cosway,"1,525",sports
Ice Station,4.11,Matthew Reilly,"1,395",thriller
Wrecking Ball,4.11,P. Dangelico,"1,374",sports
Faithless,4.11,Karin Slaughter,"1,321",thriller
Rainbow Six,4.11,Tom Clancy,"1,296",thriller
"The Fabric of the Cosmos: Space, Time, and the Texture of Reality",4.11,Brian Greene,"1,100",science
Changing the Game,4.11,Jaci Burton,"1,086",sports
Thunderhead,4.11,Douglas Preston,"1,022",thriller
City of Djinns: A Year in Delhi,4.11,William Dalrymple,933,travel
How Emotions Are Made: The Secret Life of the Brain,4.11,Lisa Feldman Barrett,906,psychology
Red Russia,4.11,Tanya Thompson,132,thriller
The Selection,4.1,Kiera Cass,"66,749",fantasy
Poison Study,4.1,Maria V. Snyder,"12,811",fantasy
Fire,4.1,Kristin Cashore,"11,298",fantasy
Seven Days in June,4.1,Tia Williams,"9,386",romance
Blood of Elves,4.1,Andrzej Sapkowski,"8,939",fantasy
Jar of Hearts,4.1,Jennifer Hillier,"7,036",thriller
A Time to Kill,4.1,John Grisham,"6,306",thriller
Ubik,4.1,Philip K. Dick,"5,318",science_fiction
The Tombs of Atuan,4.1,Ursula K. Le Guin,"4,276",fantasy
Playing Nice,4.1,J.P. Delaney,"3,776",thriller
The Black Ice,4.1,Michael Connelly,"2,754",thriller
The Game Plan,4.1,Kristen Callihan,"2,357",sports
White Fire,4.1,Douglas Preston,"2,255",thriller
Stone of Tears,4.1,Terry Goodkind,"1,919",fantasy
Stuff Matters: Exploring the Marvelous Materials That Shape Our Man-Made World,4.1,Mark Miodownik,"1,843",science
The Six Wives of Henry VIII,4.1,Alison Weir,"1,782",history
Presumed Innocent,4.1,Scott Turow,"1,754",thriller
Cold Vengeance,4.1,Douglas Preston,"1,516",thriller
The Hidden Reality: Parallel Universes and the Deep Laws of the Cosmos,4.1,Brian Greene,782,science
The Cruel Prince,4.09,Holly Black,"66,047",fantasy
The Immortal Life of Henrietta Lacks,4.09,Rebecca Skloot,"37,900",history
Slaughterhouse-Five,4.09,Kurt Vonnegut Jr.,"33,096",science_fiction
City of Fallen Angels,4.09,Cassandra Clare,"25,823",romance
The Push,4.09,Ashley Audrain,"25,477",thriller
Stardust,4.09,Neil Gaiman,"22,031",fantasy
One True Loves,4.09,Taylor Jenkins Reid,"19,251",romance
Killers of the Flower Moon: The Osage Murders and the Birth of the FBI,4.09,David Grann,"18,978",history
Home Before Dark,4.09,Riley Sager,"17,643",horror
Do Androids Dream of Electric Sheep?,4.09,Philip K. Dick,"16,198",science_fiction
Dead Wake: The Last Crossing of the Lusitania,4.09,Erik Larson,"12,500",history
The Left Hand of Darkness,4.09,Ursula K. Le Guin,"12,261",science_fiction
The Amber Spyglass,4.09,Philip Pullman,"12,202",fantasy
The Long Walk,4.09,Richard Bachman,"9,563",horror
Shutter Island,4.09,Dennis Lehane,"9,440",thriller
End of Watch,4.09,Stephen King,"9,248",thriller
Memory Man,4.09,David Baldacci,"7,258",thriller
1st to Die,4.09,James Patterson,"7,210",thriller
Hounded,4.09,Kevin Hearne,"7,203",fantasy
Don't Look Back,4.09,Jennifer L. Armentrout,"4,251",thriller
Blindsighted,4.09,Karin Slaughter,"4,218",thriller
Blacktop Wasteland,4.09,S.A. Cosby,"4,074",thriller
Dragonflight,4.09,Anne McCaffrey,"3,820",fantasy
The Last Town,4.09,Blake Crouch,"3,790",thriller
The Hunt for Red October,4.09,Tom Clancy,"3,616",thriller
The Last Widow,4.09,Karin Slaughter,"3,615",thriller
Flow: The Psychology of Optimal Experience,4.09,Mihaly Csikszentmihalyi,"3,612",psychology
Homage to Catalonia,4.09,George Orwell,"3,266",history
The Happiness Hypothesis: Finding Modern Truth in Ancient Wisdom,4.09,Jonathan Haidt,"2,152",psychology
Brooklynaire,4.09,Sarina Bowen,"2,059",sports
Maskerade,4.09,Terry Pratchett,"1,665",fantasy
Death by Black Hole: And Other Cosmic Quandaries,4.09,Neil deGrasse Tyson,"1,418",science
The Lessons of History,4.09,Will Durant,"1,358",history
Seven Deadly Wonders,4.09,Matthew Reilly,"1,253",thriller
"The Future of the Mind: The Scientific Quest to Understand, Enhance, and Empower the Mind",4.09,Michio Kaku,"1,116",science
Executive Orders,4.09,Tom Clancy,736,thriller
Summer of '49,4.09,David Halberstam,306,sports
City of Bones,4.08,Cassandra Clare,"69,750",romance
My Dark Vanessa,4.08,Kate Elizabeth Russell,"30,027",thriller
Heartless,4.08,Marissa Meyer,"24,824",fantasy
In Cold Blood,4.08,Truman Capote,"20,235",thriller
Astrophysics for People in a Hurry,4.08,Neil deGrasse Tyson,"14,014",science
The Scorpio Races,4.08,Maggie Stiefvater,"13,894",fantasy
NOS4A2,4.08,Joe Hill,"13,338",thriller
Mindset: The New Psychology of Success,4.08,Carol S. Dweck,"9,462",psychology
Speaker for the Dead,4.08,Orson Scott Card,"8,375",science_fiction
1776,4.08,David McCullough,"7,910",history
A Winter's Promise,4.08,Christelle Dabos,"7,761",fantasy
My Sister's Grave,4.08,Robert Dugoni,"7,122",thriller
Narrative of the Life of Frederick Douglass,4.08,Frederick Douglass,"5,697",history
"One Summer: America, 1927",4.08,Bill Bryson,"5,306",history
Down and Out in Paris and London,4.08,George Orwell,"5,200",travel
The Midnight Line,4.08,Lee Child,"4,894",thriller
The Vampire Lestat,4.08,Anne Rice,"4,283",horror
Dangerous Girls,4.08,Abigail Haas,"3,972",thriller
The Passengers,4.08,John Marrs,"3,855",thriller
City of Stairs,4.08,Robert Jackson Bennett,"3,678",fantasy
The Leopard,4.08,Jo Nesbø,"3,342",thriller
Tigana,4.08,Guy Gavriel Kay,"2,962",fantasy
Lightning,4.08,Dean Koontz,"2,343",thriller
Kisscut,4.08,Karin Slaughter,"2,217",thriller
"The Elegant Universe: Superstrings, Hidden Dimensions, and the Quest for the Ultimate Theory",4.08,Brian Greene,"2,148",science
Map of Bones,4.08,James Rollins,"1,765",thriller
Physics of the Impossible,4.08,Michio Kaku,"1,435",science
Seven Years in Tibet,4.08,Heinrich Harrer,"1,244",travel
The Blind Watchmaker: Why the Evidence of Evolution Reveals a Universe Without Design,4.08,Richard Dawkins,"1,179",science
The Blank Slate: The Modern Denial of Human Nature,4.08,Steven Pinker,"1,046",psychology
Taking a Shot,4.08,Jaci Burton,972,sports
The Moral Animal: Why We Are the Way We Are - The New Science of Evolutionary Psychology,4.08,Robert Wright,658,psychology
The Zombie Room,4.08,R.D. Ronald,372,thriller
A Darker Shade of Magic,4.07,V.E. Schwab,"35,918",fantasy
Quiet: The Power of Introverts in a World That Can't Stop Talking,4.07,Susan Cain,"26,816",psychology
The Wrath and the Dawn,4.07,Renée Ahdieh,"21,604",fantasy
Jurassic Park,4.07,Michael Crichton,"16,070",science_fiction
Brain on Fire: My Month of Madness,4.07,Susannah Cahalan,"14,251",psychology
House of Leaves,4.07,Mark Z. Danielewski,"13,980",thriller
The Broken Girls,4.07,Simone St. James,"9,616",thriller
Grit: The Power of Passion and Perseverance,4.07,Angela Duckworth,"7,443",psychology
A People's History of the United States,4.07,Howard Zinn,"6,509",history
In a Sunburned Country,4.07,Bill Bryson,"6,233",travel
The Play,4.07,Elle Kennedy,"4,381",sports
Dear Child,4.07,Romy Hausmann,"3,650",thriller
The Son,4.07,Jo Nesbø,"3,141",thriller
First Family,4.07,David Baldacci,"2,193",thriller
Incognito: The Secret Lives of the Brain,4.07,David Eagleman,"2,080",psychology
The Lions of Lucerne,4.07,Brad Thor,"1,769",thriller
The Third Chimpanzee: The Evolution and Future of the Human Animal,4.07,Jared Diamond,955,science
The Cardinal of the Kremlin,4.07,Tom Clancy,856,thriller
Debt of Honor,4.07,Tom Clancy,684,thriller
Travel as a Political Act,4.07,Rick Steves,455,travel
Mockingjay,4.06,Suzanne Collins,"1,11,479",fantasy
Beach Read,4.06,Emily Henry,"65,758",romance
Then She Was Gone,4.06,Lisa Jewell,"32,645",thriller
A Walk in the Woods: Rediscovering America on the Appalachian Trail,4.06,Bill Bryson,"20,242",travel
The Mistake,4.06,Elle Kennedy,"16,762",sports
We Need to Talk About Kevin,4.06,Lionel Shriver,"15,626",thriller
Stiff: The Curious Lives of Human Cadavers,4.06,Mary Roach,"15,570",science
The Butterfly Garden,4.06,Dot Hutchison,"14,055",thriller
The Last Time I Lied,4.06,Riley Sager,"13,288",thriller
Killing Floor,4.06,Lee Child,"12,470",thriller
"Take a Hint, Dani Brown",4.06,Talia Hibbert,"11,907",romance
The Likeness,4.06,Tana French,"11,590",thriller
Darkfever,4.06,Karen Marie Moning,"11,459",fantasy
The Night Swim,4.06,Megan Goldin,"10,081",thriller
The Man Who Mistook His Wife for a Hat and Other Clinical Tales,4.06,Oliver Sacks,"8,255",psychology
The Perfect Marriage,4.06,Jeneva Rose,"7,621",thriller
I Am Legend,4.06,Richard Matheson,"7,522",horror
"Full Dark, No Stars",4.06,Stephen King,"7,102",horror
John Adams,4.06,David McCullough,"6,815",history
Travels with Charley: In Search of America,4.06,John Steinbeck,"6,276",travel
"The Courage to Be Disliked: How to Free Yourself, Change your Life and Achieve Real Happiness",4.06,Ichiro Kishimi,"5,211",psychology
The Salt Path,4.06,Raynor Winn,"5,003",travel
The Once and Future King,4.06,T.H. White,"4,526",fantasy
2nd Chance,4.06,James Patterson,"3,050",thriller
"The Road Less Traveled: A New Psychology of Love, Traditional Values and Spiritual Growth",4.06,M. Scott Peck,"2,830",psychology
The Hellbound Heart,4.06,Clive Barker,"2,746",horror
Bad Science,4.06,Ben Goldacre,"2,092",science
A Faint Cold Fear,4.06,Karin Slaughter,"1,787",thriller
The Drama of the Gifted Child: The Search for the True Self,4.06,Alice Miller,"1,421",psychology
The Body Farm,4.06,Patricia Cornwell,"1,400",thriller
A Cook's Tour: Global Adventures in Extreme Cuisines,4.06,Anthony Bourdain,"1,353",travel
The Snow Leopard,4.06,Peter Matthiessen,"1,264",travel
The Bourne Ultimatum,4.06,Robert Ludlum,997,thriller
Without Conscience: The Disturbing World of the Psychopaths Among Us,4.06,Robert D. Hare,680,psychology
P.S. I Still Love You,4.05,Jenny Han,"26,126",romance
The Gentleman's Guide to Vice and Virtue,4.05,Mackenzi Lee,"19,404",romance
The Ten Thousand Doors of January,4.05,Alix E. Harrow,"16,855",fantasy
'Salem's Lot,4.05,Stephen King,"13,993",thriller
Finlay Donovan Is Killing It,4.05,Elle Cosimano,"11,701",thriller
Perfect Chemistry,4.05,Simone Elkeles,"11,306",romance
The Rose & the Dagger,4.05,Renée Ahdieh,"10,284",fantasy
Tangled,4.05,Emma Chase,"9,920",romance
Long Bright River,4.05,Liz Moore,"9,519",thriller
The Alienist,4.05,Caleb Carr,"8,022",thriller
Magic Bites,4.05,Ilona Andrews,"7,844",fantasy
His Majesty's Dragon,4.05,Naomi Novik,"7,478",fantasy
"The Hidden Life of Trees: What They Feel, How They Communicate: Discoveries from a Secret World",4.05,Peter Wohlleben,"7,094",science
The Goblin Emperor,4.05,Katherine Addison,"5,941",fantasy
Beauty: A Retelling of the Story of Beauty and the Beast,4.05,Robin McKinley,"5,544",fantasy
The Terror,4.05,Dan Simmons,"5,503",horror
Die Trying,4.05,Lee Child,"5,502",thriller
Run Away,4.05,Harlan Coben,"5,299",thriller
The Woods,4.05,Harlan Coben,"5,291",thriller
Past Tense,4.05,Lee Child,"4,960",thriller
The Overnight Guest,4.05,Heather Gudenkauf,"4,263",thriller
The Botany of Desire: A Plant's-Eye View of the World,4.05,Michael Pollan,"3,671",science
Things We Do in the Dark,4.05,Jennifer Hillier,"3,467",thriller
Scary Stories to Tell in the Dark,4.05,Alvin Schwartz,"3,340",horror
A Crown of Swords,4.05,Robert Jordan,"3,330",fantasy
The Camel Club,4.05,David Baldacci,"3,124",thriller
The Grand Design,4.05,Stephen Hawking,"2,898",science
The Devil's Star,4.05,Jo Nesbø,"2,861",thriller
New Spring,4.05,Robert Jordan,"2,601",fantasy
Plum Island,4.05,Nelson DeMille,"2,385",thriller
Daisy Darker,4.05,Alice Feeney,"2,329",thriller
The Collectors,4.05,David Baldacci,"1,955",thriller
The Magic of Reality: How We Know What's Really True,4.05,Richard Dawkins,"1,869",science
Roses Are Red,4.05,James Patterson,"1,613",thriller
Genome: the Autobiography of a Species in 23 Chapters,4.05,Matt Ridley,"1,113",science
A Time of Gifts,4.05,Patrick Leigh Fermor,879,travel
Travels with Herodotus,4.05,Ryszard Kapuściński,661,travel
In Search of Schrödinger's Cat: Quantum Physics and Reality,4.05,John Gribbin,505,science
The Elephant Tree,4.05,R.D. Ronald,416,thriller
The Maze Runner,4.04,James Dashner,"60,686",thriller
Wild: From Lost to Found on the Pacific Crest Trail,4.04,Cheryl Strayed,"43,670",travel
The Bell Jar,4.04,Sylvia Plath,"36,408",psychology
Ninth House,4.04,Leigh Bardugo,"27,988",thriller
The Magician's Nephew,4.04,C.S. Lewis,"17,101",fantasy
The Whisper Man,4.04,Alex North,"14,734",thriller
Peter Pan,4.04,J.M. Barrie,"14,079",fantasy
"Guns, Germs, and Steel: The Fates of Human Societies",4.04,Jared Diamond,"12,879",history
Let the Right One In,4.04,John Ajvide Lindqvist,"6,697",thriller
Red Dragon,4.04,Thomas Harris,"6,310",horror
Equal Rites,4.04,Terry Pratchett,"5,404",fantasy
The Bourne Identity,4.04,Robert Ludlum,"5,086",thriller
"Tinker, Tailor, Soldier, Spy",4.04,John le Carré,"4,856",thriller
"Isaac's Storm: A Man, a Time, and the Deadliest Hurricane in History",4.04,Erik Larson,"4,533",history
The Burning Girls,4.04,C.J. Tudor,"4,306",thriller
An Unquiet Mind: A Memoir of Moods and Madness,4.04,Kay Redfield Jamison,"4,031",psychology
Zero Day,4.04,David Baldacci,"3,953",thriller
Enemies,4.04,Tijan,"3,909",sports
Intensity,4.04,Dean Koontz,"3,662",thriller
The Firm,4.04,Robin Waterfield,"3,646",romance
The Pelican Brief,4.04,John Grisham,"3,086",thriller
The Eternity Code,4.04,Eoin Colfer,"2,672",fantasy
3rd Degree,4.04,James Patterson,"2,492",thriller
Good Boy,4.04,Sarina Bowen,"2,410",sports
The Hardest Fall,4.04,Ella Maise,"2,186",sports
Soul Music,4.04,Terry Pratchett,"2,114",fantasy
Nobody's Baby But Mine,4.04,Susan Elizabeth Phillips,"2,043",sports
Jock Row,4.04,Sara Ney,"1,903",sports
Gorky Park,4.04,Martin Cruz Smith,"1,337",thriller
Garrett,4.04,Sawyer Bennett,"1,286",sports
A Walk Across America,4.04,Peter Jenkins,695,travel
Ghost Train to the Eastern Star,4.04,Paul Theroux,531,travel
Eight Men Out: The Black Sox and the 1919 World Series,4.04,Eliot Asinof,354,sports
The Night Circus,4.03,Erin Morgenstern,"89,336",romance
Red Queen,4.03,Victoria Aveyard,"58,240",fantasy
Serpent & Dove,4.03,Shelby Mahurin,"28,012",romance
Pretty Girls,4.03,Karin Slaughter,"22,992",thriller
The Passage,4.03,Justin Cronin,"20,213",horror
Perfume: The Story of a Murderer,4.03,Patrick Süskind,"18,908",horror
Bird Box,4.03,Josh Malerman,"18,415",thriller
A Curse So Dark and Lonely,4.03,Brigid Kemmerer,"18,177",fantasy
The Sun Down Motel,4.03,Simone St. James,"14,882",thriller
No Exit,4.03,Taylor Adams,"14,419",thriller
The Kind Worth Killing,4.03,Peter Swanson,"13,954",thriller
Anansi Boys,4.03,Neil Gaiman,"10,959",fantasy
Snow Crash,4.03,Neal Stephenson,"10,767",science_fiction
Playing for Keeps,4.03,R.L. Mathewson,"5,815",romance
Radiance,4.03,Grace Draven,"5,550",fantasy
The Worst Hard Time: The Untold Story of Those Who Survived the Great American Dust Bowl,4.03,Timothy Egan,"5,431",history
Magic Study,4.03,Maria V. Snyder,"5,137",fantasy
Lovecraft Country,4.03,Matt Ruff,"4,773",horror
1491: New Revelations of the Americas Before Columbus,4.03,Charles C. Mann,"4,429",history
Every Last Secret,4.03,A.R. Torre,"4,404",thriller
Emotional Intelligence: Why It Can Matter More Than IQ,4.03,Daniel Goleman,"3,732",psychology
The Baller,4.03,Vi Keeland,"3,636",sports
SPQR: A History of Ancient Rome,4.03,Mary Beard,"3,536",history
Echo Burning,4.03,Lee Child,"3,433",thriller
Split Second,4.03,David Baldacci,"2,845",thriller
Jane Doe,4.03,Victoria Helen Stone,"2,774",thriller
A Distant Mirror: The Calamitous 14th Century,4.03,Barbara W. Tuchman,"1,707",history
The Structure of Scientific Revolutions,4.03,Thomas S. Kuhn,"1,394",science
Body of Evidence,4.03,Patricia Cornwell,"1,373",thriller
Feeling Good: The New Mood Therapy,4.03,David D. Burns,"1,369",psychology
Blue Highways,4.03,William Least Heat-Moon,"1,318",travel
Chaos: Making a New Science,4.03,James Gleick,"1,284",science
The Upside of Irrationality: The Unexpected Benefits of Defying Logic at Work and at Home,4.03,Dan Ariely,"1,090",psychology
Ball Four,4.03,Jim Bouton,879,sports
Toujours Provence,4.03,Peter Mayle,594,travel
Riding the Iron Rooster,4.03,Paul Theroux,374,travel
Ruin and Rising,4.02,Leigh Bardugo,"44,315",fantasy
Talking to Strangers: What We Should Know About the People We Don’t Know,4.02,Malcolm Gladwell,"20,427",psychology
A Moveable Feast,4.02,Ernest Hemingway,"9,480",travel
P.S. I Love You,4.02,Cecelia Ahern,"9,300",romance
The Golden Couple,4.02,Greer Hendricks,"9,209",thriller
The Foxhole Court,4.02,Nora Sakavic,"8,820",sports
I Am Watching You,4.02,Teresa Driscoll,"8,519",thriller
The Amulet of Samarkand,4.02,Jonathan Stroud,"5,525",fantasy
Rosemary's Baby,4.02,Ira Levin,"5,241",thriller
I Hunt Killers,4.02,Barry Lyga,"4,175",thriller
Sworn to Silence,4.02,Linda Castillo,"3,930",thriller
The Secrets She Keeps,4.02,Michael Robotham,"3,507",thriller
Genghis Khan and the Making of the Modern World,4.02,Jack Weatherford,"3,405",history
Switch: How to Change Things When Change Is Hard,4.02,Chip Heath,"3,160",psychology
The Kill Artist,4.02,Daniel Silva,"2,594",thriller
Benjamin Franklin: An American Life,4.02,Walter Isaacson,"2,499",history
Black House,4.02,Stephen King,"2,055",horror
The Mephisto Club,4.02,Tess Gerritsen,"1,902",thriller
Your Inner Fish: a Journey into the 3.5-Billion-Year History of the Human Body,4.02,Neil Shubin,"1,700",science
"Mistakes Were Made (But Not by Me): Why We Justify Foolish Beliefs, Bad Decisions, and Hurtful Acts",4.02,Carol Tavris,"1,391",psychology
Cemetery Dance,4.02,Douglas Preston,"1,389",thriller
Pop Goes the Weasel,4.02,James Patterson,"1,388",thriller
Passagier 23,4.02,Sebastian Fitzek,"1,090",thriller
Temple of the Winds,4.02,Terry Goodkind,"1,073",fantasy
Blue Latitudes: Boldly Going Where Captain Cook Has Gone Before,4.02,Tony Horwitz,678,travel
Sharp Objects,4.01,Gillian Flynn,"53,866",romance
The Ocean at the End of the Lane,4.01,Neil Gaiman,"53,663",horror
A Discovery of Witches,4.01,Deborah Harkness,"41,283",fantasy
Dracula,4.01,Bram Stoker,"34,322",thriller
The Golden Compass,4.01,Philip Pullman,"25,545",fantasy
Daughter of the Pirate King,4.01,Tricia Levenseller,"14,940",fantasy
Birthday Girl,4.01,Penelope Douglas,"14,397",romance
Interview with the Vampire,4.01,Anne Rice,"12,535",fantasy
Isla and the Happily Ever After,4.01,Stephanie Perkins,"12,407",romance
Later,4.01,Stephen King,"11,254",horror
Eldest,4.01,Christopher Paolini,"10,529",fantasy
The Last Battle,4.01,C.S. Lewis,"8,357",fantasy
If It Bleeds,4.01,Stephen King,"8,212",horror
When He Was Wicked,4.01,Julia Quinn,"7,946",romance
Starship Troopers,4.01,Robert A. Heinlein,"6,587",science_fiction
Kushiel's Dart,4.01,Jacqueline Carey,"4,449",fantasy
They Never Learn,4.01,Layne Fargo,"4,197",thriller
The Art of Loving,4.01,Erich Fromm,"3,466",psychology
It Had to Be You,4.01,Susan Elizabeth Phillips,"2,662",sports
Scoring Wilder,4.01,R.S. Grey,"2,503",sports
Hour Game,4.01,David Baldacci,"2,000",thriller
Cat & Mouse,4.01,James Patterson,"1,612",thriller
The Decline and Fall of the Roman Empire,4.01,Edward Gibbon,665,history
The Happy Isles of Oceania: Paddling the Pacific,4.01,Paul Theroux,329,travel
One of Us Is Lying,4,Karen M. McManus,"53,985",thriller
"Everything, Everything",4,Nicola Yoon,"44,899",romance
Caraval,4,Stephanie Garber,"37,464",fantasy
Into the Wild,4,Jon Krakauer,"24,949",travel
Freakonomics: A Rogue Economist Explores the Hidden Side of Everything,4,Steven D. Levitt,"17,957",psychology
A Clockwork Orange,4,Anthony Burgess,"17,118",science_fiction
Truly Devious,4,Maureen Johnson,"15,652",thriller
Alice's Adventures in Wonderland,4,Lewis Carroll,"14,472",fantasy
A Wizard of Earthsea,4,Ursula K. Le Guin,"12,588",fantasy
Spin the Dawn,4,Elizabeth Lim,"8,135",fantasy
The Keeper of Lost Causes,4,Jussi Adler-Olsen,"5,643",thriller
I Am Legend and Other Stories,4,Richard Matheson,"5,324",horror
Make Me,4,Lee Child,"4,638",thriller
Caught,4,Harlan Coben,"4,397",thriller
Night School,4,Lee Child,"4,159",thriller
Dear Wife,4,Kimberly Belle,"4,013",thriller
Hiroshima,4,John Hersey,"3,959",history
The Children of Húrin,4,J.R.R. Tolkien,"3,891",fantasy
The Poisoner's Handbook: Murder and the Birth of Forensic Medicine in Jazz Age New York,4,Deborah Blum,"3,139",science
Silent Spring,4,Rachel Carson,"2,835",science
No Time for Goodbye,4,Linwood Barclay,"2,823",thriller
The Origin of Species,4,Charles Darwin,"2,821",science
Brother Odd,4,Dean Koontz,"2,592",thriller
Physics of the Future: How Science Will Shape Human Destiny and Our Daily Lives by the Year 2100,4,Michio Kaku,"1,257",science
The Language Instinct: How the Mind Creates Language,4,Steven Pinker,"1,074",psychology
"Whatever You Do, Don't Run: True Tales of a Botswana Safari Guide",4,Peter Allison,989,travel
Insurgent,3.99,Veronica Roth,"61,174",romance
The Hating Game,3.99,Sally Thorne,"57,445",romance
The Unhoneymooners,3.99,Christina Lauren,"52,307",romance
The Time Traveler's Wife,3.99,Audrey Niffenegger,"50,546",fantasy
Brave New World,3.99,Aldous Huxley,"39,049",science_fiction
A Wrinkle in Time,3.99,Madeleine L'Engle,"36,744",science_fiction
"The Devil in the White City: Murder, Magic, and Madness at the Fair That Changed America",3.99,Erik Larson,"36,644",history
The Outsider,3.99,Stephen King,"21,901",thriller
Mr. Mercedes,3.99,Stephen King,"18,637",horror
The Tipping Point: How Little Things Can Make a Big Difference,3.99,Malcolm Gladwell,"15,094",psychology
The Mysterious Affair at Styles,3.99,Agatha Christie,"12,229",thriller
The Mother-in-Law,3.99,Sally Hepworth,"11,439",thriller
Ella Enchanted,3.99,Gail Carson Levine,"11,282",fantasy
The Queen of the Tearling,3.99,Erika Johansen,"10,977",fantasy
The Goal,3.99,Elle Kennedy,"10,279",romance
Bitterblue,3.99,Kristin Cashore,"8,761",fantasy
Faithful Place,3.99,Tana French,"8,714",thriller
A History of Wild Places,3.99,Shea Ernshaw,"5,802",thriller
Into the Drowning Deep,3.99,Mira Grant,"5,275",horror
Solaris,3.99,Stanisław Lem,"5,263",science_fiction
Don't Look for Me,3.99,Wendy Walker,"3,916",thriller
The Call of Cthulhu,3.99,H.P. Lovecraft,"2,943",horror
Fatherland,3.99,Robert Harris,"2,417",thriller
The Time Traveller's Guide to Medieval England: A Handbook for Visitors to the Fourteenth Century,3.99,Ian Mortimer,"1,590",history
Sacked,3.99,Jen Frederick,"1,375",sports
How the Mind Works,3.99,Steven Pinker,642,psychology
Hokkaido Highway Blues: Hitchhiking Japan,3.99,Will Ferguson,465,travel
People We Meet on Vacation,3.98,Emily Henry,"66,233",romance
Fahrenheit 451,3.98,Ray Bradbury,"61,019",science_fiction
Behind Closed Doors,3.98,B.A. Paris,"34,860",thriller
Carrie,3.98,Stephen King,"19,173",thriller
Stalking Jack the Ripper,3.98,Kerri Maniscalco,"17,918",thriller
Rock Paper Scissors,3.98,Alice Feeney,"17,684",thriller
The Art of Fielding,3.98,Chad Harbach,"10,541",sports
My Life Next Door,3.98,Huntley Fitzpatrick,"10,180",romance
Prince Caspian,3.98,C.S. Lewis,"9,557",fantasy
Lab Girl,3.98,Hope Jahren,"8,306",science
Odd Thomas,3.98,Dean Koontz,"7,933",horror
At Home: A Short History of Private Life,3.98,Bill Bryson,"6,907",history
Stormbreaker,3.98,Anthony Horowitz,"5,939",thriller
A Canticle for Leibowitz,3.98,Walter M. Miller Jr.,"5,552",science_fiction
Reamde,3.98,Neal Stephenson,"5,131",thriller
The Collector,3.98,John Fowles,"4,927",thriller
The Great Influenza: The Story of the Deadliest Pandemic in History,3.98,John M. Barry,"4,685",history
Seven Brief Lessons on Physics,3.98,Carlo Rovelli,"4,677",science
The Night Shift,3.98,Alex Finlay,"4,575",thriller
Song of Susannah,3.98,Stephen King,"4,462",fantasy
The Light Fantastic,3.98,Terry Pratchett,"4,434",fantasy
Missing You,3.98,Harlan Coben,"4,282",thriller
The Book of Three,3.98,Lloyd Alexander,"3,728",fantasy
A Year in Provence,3.98,Peter Mayle,"3,553",travel
Never Let You Go,3.98,Chevy Stevens,"3,239",thriller
Forever Odd,3.98,Dean Koontz,"2,987",thriller
A Lie for a Lie,3.98,Helena Hunting,"2,918",sports
Sweet Home,3.98,Tillie Cole,"2,696",sports
Jack & Jill,3.98,James Patterson,"1,893",thriller
Sybil: The Classic True Story of a Woman Possessed by Sixteen Personalities,3.98,Flora Rheta Schreiber,"1,602",psychology
The Histories,3.98,Herodotus,"1,441",history
Dark Star Safari: Overland from Cairo to Cape Town,3.98,Paul Theroux,949,travel
The Songlines,3.98,Bruce Chatwin,721,travel
Animal Farm,3.97,George Orwell,"75,890",science_fiction
Eleanor & Park,3.97,Rainbow Rowell,"73,557",romance
The Family Upstairs,3.97,Lisa Jewell,"22,806",thriller
These Violent Delights,3.97,Chloe Gong,"18,331",fantasy
The Art of War,3.97,Sun Tzu,"14,957",history
Romancing Mister Bridgerton,3.97,Julia Quinn,"13,387",romance
Fantastic Beasts and Where to Find Them,3.97,Newt Scamander,"11,817",fantasy
Two Can Keep a Secret,3.97,Karen M. McManus,"11,506",thriller
The Silmarillion,3.97,J.R.R. Tolkien,"10,177",fantasy
Still Missing,3.97,Chevy Stevens,"7,651",thriller
Half a King,3.97,Joe Abercrombie,"5,684",fantasy
Perdido Street Station,3.97,China Miéville,"5,356",fantasy
Personal,3.97,Lee Child,"4,250",thriller
The Undoing Project: A Friendship That Changed Our Minds,3.97,Michael Lewis,"4,149",psychology
The Hook Up,3.97,Kristen Callihan,"4,071",sports
Hands Down,3.97,Mariana Zapata,"3,425",sports
Nemesis,3.97,Jo Nesbø,"3,077",thriller
Everything's Eventual,3.97,Stephen King,"3,069",horror
Alone,3.97,Lisa Gardner,"2,767",thriller
The Year of Living Danishly: My Twelve Months Unearthing the Secrets of the World's Happiest Country,3.97,Helen Russell,"2,735",travel
Alex,3.97,Sawyer Bennett,"2,033",sports
Every Dead Thing,3.97,John Connolly,"1,992",thriller
The Elfstones of Shannara,3.97,Terry Brooks,"1,803",fantasy
Shoeless Joe,3.97,W.P. Kinsella,"1,101",sports
A Short Walk in the Hindu Kush,3.97,Eric Newby,425,travel
The Woman in the Window,3.96,A.J. Finn,"54,441",thriller
Dead Until Dark,3.96,Charlaine Harris,"19,203",fantasy
We Have Always Lived in the Castle,3.96,Shirley Jackson,"19,022",thriller
Kingdom of the Wicked,3.96,Kerri Maniscalco,"17,334",fantasy
The Kiss of Deception,3.96,Mary E. Pearson,"13,483",fantasy
The Winner's Curse,3.96,Marie Rutkoski,"13,226",fantasy
"David and Goliath: Underdogs, Misfits, and the Art of Battling Giants",3.96,Malcolm Gladwell,"10,691",psychology
Tweet Cute,3.96,Emma Lord,"9,725",romance
Hidden Figures,3.96,Margot Lee Shetterly,"9,575",history
I Found You,3.96,Lisa Jewell,"7,219",thriller
Duma Key,3.96,Stephen King,"6,265",horror
The Girl in the Ice,3.96,Robert Bryndza,"5,715",thriller
Blue Moon,3.96,Lee Child,"5,129",thriller
The Child Finder,3.96,Rene Denfeld,"4,941",thriller
Jaws,3.96,Peter Benchley,"4,812",horror
Lies My Teacher Told Me: Everything Your American History Textbook Got Wrong,3.96,James W. Loewen,"3,447",history
The Beach,3.96,Alex Garland,"3,234",travel
Longitude: The True Story of a Lone Genius Who Solved the Greatest Scientific Problem of His Time,3.96,Dava Sobel,"3,126",history
Winter's Heart,3.96,Robert Jordan,"2,937",fantasy
The Year We Fell Down,3.96,Sarina Bowen,"2,827",sports
The Caliph's House: A Year in Casablanca,3.96,Tahir Shah,806,travel
Long Way Round: Chasing Shadows Across the World,3.96,Ewan McGregor,497,travel
The Girl on the Train,3.95,Paula Hawkins,"1,18,600",romance
Shadow and Bone,3.95,Leigh Bardugo,"70,185",fantasy
Dark Places,3.95,Gillian Flynn,"39,433",thriller
The Husband's Secret,3.95,Liane Moriarty,"39,208",thriller
Blink: The Power of Thinking Without Thinking,3.95,Malcolm Gladwell,"17,172",psychology
An Offer From a Gentleman,3.95,Julia Quinn,"14,658",romance
Magpie Murders,3.95,Anthony Horowitz,"12,730",thriller
The Book of Lost Things,3.95,John Connolly,"8,504",fantasy
Rebel of the Sands,3.95,Alwyn Hamilton,"7,836",fantasy
Someone We Know,3.95,Shari Lapena,"7,750",thriller
The Silver Chair,3.95,C.S. Lewis,"7,001",fantasy
The Dead Zone,3.95,Stephen King,"5,473",thriller
Needful Things,3.95,Stephen King,"5,167",thriller
Pretty Little Wife,3.95,Darby Kane,"5,101",thriller
Drive: The Surprising Truth About What Motivates Us,3.95,Daniel H. Pink,"5,029",psychology
Red Sparrow,3.95,Jason Matthews,"4,600",thriller
Eon: Dragoneye Reborn,3.95,Alison Goodman,"4,374",fantasy
The Mist,3.95,Stephen King,"4,272",horror
Ringworld,3.95,Larry Niven,"4,022",science_fiction
Hostage,3.95,Clare Mackintosh,"3,683",thriller
The Arctic Incident,3.95,Eoin Colfer,"3,564",fantasy
Out,3.95,Natsuo Kirino,"3,519",thriller
The Collective,3.95,Alison Gaylin,"3,435",thriller
The Silent Corner,3.95,Dean Koontz,"3,155",thriller
The Magicians' Guild,3.95,Trudi Canavan,"3,101",fantasy
Hold Tight,3.95,Harlan Coben,"2,989",thriller
The Partner,3.95,John Grisham,"2,941",thriller
The Dragonbone Chair,3.95,Tad Williams,"2,387",fantasy
Little Monsters,3.95,Kara Thomas,"2,298",thriller
Moving Pictures,3.95,Terry Pratchett,"1,982",fantasy
Nightmares and Dreamscapes,3.95,Stephen King,"1,591",horror
The Wheel of Darkness,3.95,Douglas Preston,"1,351",thriller
The Old Patagonian Express: By Train Through the Americas,3.95,Paul Theroux,428,travel
The Kiss Quotient,3.94,Helen Hoang,"37,562",romance
"Hush, Hush",3.94,Becca Fitzpatrick,"27,732",romance
The Thursday Murder Club,3.94,Richard Osman,"26,599",thriller
The Turn of the Key,3.94,Ruth Ware,"24,283",thriller
You,3.94,Caroline Kepnes,"22,661",thriller
The Gunslinger,3.94,Stephen King,"21,779",horror
King's Cage,3.94,Victoria Aveyard,"15,496",fantasy
I've Got Your Number,3.94,Sophie Kinsella,"13,981",romance
The Diviners,3.94,Libba Bray,"13,542",fantasy
Around the World in Eighty Days,3.94,Jules Verne,"9,176",travel
Seraphina,3.94,Rachel Hartman,"8,509",fantasy
Broken Harbor,3.94,Tana French,"8,128",thriller
The Psychopath Test: A Journey Through the Madness Industry,3.94,Jon Ronson,"7,873",psychology
Fool Me Once,3.94,Harlan Coben,"6,344",thriller
The Boy from the Woods,3.94,Harlan Coben,"6,088",thriller
The Eyes of the Dragon,3.94,Stephen King,"5,534",fantasy
Packing for Mars: The Curious Science of Life in the Void,3.94,Mary Roach,"4,882",science
The Redbreast,3.94,Jo Nesbø,"4,642",thriller
Every Last Fear,3.94,Alex Finlay,"4,490",thriller
Eeny Meeny,3.94,M.J. Arlidge,"4,009",thriller
Ghost Story,3.94,Peter Straub,"2,621",horror
Founding Brothers: The Revolutionary Generation,3.94,Joseph J. Ellis,"2,050",history
Four Past Midnight,3.94,Stephen King,"1,877",horror
A Universe from Nothing: Why There Is Something Rather Than Nothing,3.94,Lawrence M. Krauss,"1,499",science
Are We Smart Enough to Know How Smart Animals Are?,3.94,Frans de Waal,"1,493",science
Vagabonding: An Uncommon Guide to the Art of Long-Term World Travel,3.94,Rolf Potts,"1,372",travel
The Honest Truth About Dishonesty: How We Lie to Everyone - Especially Ourselves,3.94,Dan Ariely,"1,233",psychology
Blood River: A Journey to Africa's Broken Heart,3.94,Tim Butcher,798,travel
Soccernomics,3.94,Simon Kuper,782,sports
The Pillars of Hercules,3.94,Paul Theroux,222,travel
Angels & Demons,3.93,Dan Brown,"31,712",romance
Eragon,3.93,Christopher Paolini,"24,682",fantasy
Joyland,3.93,Stephen King,"13,926",horror
12 Rules for Life: An Antidote to Chaos,3.93,Jordan B. Peterson,"13,442",psychology
House of Salt and Sorrows,3.93,Erin A. Craig,"11,702",fantasy
Through the Woods,3.93,Emily Carroll,"9,364",horror
Horns,3.93,Joe Hill,"9,071",thriller
Pucked,3.93,Helena Hunting,"6,164",sports
The Girl Who Circumnavigated Fairyland in a Ship of Her Own Making,3.93,Catherynne M. Valente,"5,726",fantasy
The Talented Mr. Ripley,3.93,Patricia Highsmith,"4,639",thriller
Bet Me,3.93,Jennifer Crusie,"4,059",romance
20th Century Ghosts,3.93,Joe Hill,"3,159",horror
Musicophilia: Tales of Music and the Brain,3.93,Oliver Sacks,"2,590",psychology
The Places in Between,3.93,Rory Stewart,"1,597",travel
The Alexandria Link,3.93,Steve Berry,"1,403",thriller
Miss Peregrine's Home for Peculiar Children,3.92,Ransom Riggs,"64,408",fantasy
Stranger in a Strange Land,3.92,Robert A. Heinlein,"9,048",science_fiction
The Magician King,3.92,Lev Grossman,"6,886",fantasy
"Girl, Interrupted",3.92,Susanna Kaysen,"6,809",psychology
She Who Became the Sun,3.92,Shelley Parker-Chan,"6,727",fantasy
The Bazaar of Bad Dreams,3.92,Stephen King,"5,570",horror
The Lost City of the Monkey God,3.92,Douglas Preston,"5,385",travel
Pretty Things,3.92,Janelle Brown,"5,380",thriller
A Good Marriage,3.92,Kimberly McCreight,"5,263",thriller
Gulp: Adventures on the Alimentary Canal,3.92,Mary Roach,"5,256",science
Confessions on the 7:45,3.92,Lisa Unger,"4,481",thriller
Inkspell,3.92,Cornelia Funke,"4,397",fantasy
Catherine the Great: Portrait of a Woman,3.92,Robert K. Massie,"4,319",history
"The Disappearing Spoon: And Other True Tales of Madness, Love, and the History of the World from the Periodic Table of the Elements",3.92,Sam Kean,"4,187",science
Assassination Vacation,3.92,Sarah Vowell,"3,974",travel
Collapse: How Societies Choose to Fail or Succeed,3.92,Jared Diamond,"3,554",history
Heartsick,3.92,Chelsea Cain,"3,102",thriller
The Path of Daggers,3.92,Robert Jordan,"2,976",fantasy
The Eight,3.92,Katherine Neville,"2,937",thriller
Tracks: A Woman's Solo Trek Across 1700 Miles of Australian Outback,3.92,Robyn Davidson,"1,377",travel
The Lucifer Effect: Understanding How Good People Turn Evil,3.92,Philip G. Zimbardo,"1,146",psychology
Shatter Me,3.91,Tahereh Mafi,"48,006",romance
The Subtle Art of Not Giving a F*ck: A Counterintuitive Approach to Living a Good Life,3.91,Mark Manson,"47,449",psychology
Lock Every Door,3.91,Riley Sager,"18,000",thriller
Under the Dome,3.91,Stephen King,"15,956",thriller
Anna Dressed in Blood,3.91,Kendare Blake,"10,306",horror
The Chase,3.91,Elle Kennedy,"8,264",romance
Gods of Jade and Shadow,3.91,Silvia Moreno-Garcia,"8,083",fantasy
The Fireman,3.91,Joe Hill,"7,483",horror
Written in the Stars,3.91,Alexandria Bellefleur,"5,543",romance
Bag of Bones,3.91,Stephen King,"5,041",thriller
Upgrade,3.91,Blake Crouch,"5,011",thriller
Notes from a Small Island,3.91,Bill Bryson,"4,793",travel
Lexicon,3.91,Max Barry,"4,378",thriller
Fire Study,3.91,Maria V. Snyder,"4,099",fantasy
The Girl Next Door,3.91,Jack Ketchum,"3,867",horror
The Hooker and the Hermit,3.91,L.H. Cosway,"2,676",sports
The Last Juror,3.91,John Grisham,"2,670",thriller
Pyramids,3.91,Terry Pratchett,"2,362",fantasy
Pucked Up,3.91,Helena Hunting,"1,999",sports
Taking Shots,3.91,Toni Aleo,"1,683",sports
"Four Seasons in Rome: On Twins, Insomnia, and the Biggest Funeral in the History of the World",3.91,Anthony Doerr,"1,640",travel
Rookie Move,3.91,Sarina Bowen,"1,484",sports
Travels in Siberia,3.91,Ian Frazier,552,travel
The Alchemist,3.9,Paulo Coelho,"1,00,924",travel
Before I Go to Sleep,3.9,S.J. Watson,"23,641",thriller
Tender is the Flesh,3.9,Agustina Bazterrica,"14,331",horror
The Time Machine,3.9,H.G. Wells,"13,633",science_fiction
Neuromancer,3.9,William Gibson,"11,763",science_fiction
The God Delusion,3.9,Richard Dawkins,"9,004",science
Gardens of the Moon,3.9,Steven Erikson,"6,942",fantasy
Neanderthal Seeks Human,3.9,Penny Reid,"6,102",romance
The Cellar,3.9,Natasha Preston,"5,620",thriller
The Soul of an Octopus: A Surprising Exploration Into the Wonder of Consciousness,3.9,Sy Montgomery,"5,580",science
Dolores Claiborne,3.9,Stephen King,"3,963",horror
Sourcery,3.9,Terry Pratchett,"2,647",fantasy
The Queen of the Damned,3.9,Anne Rice,"2,563",horror
The Perfect Play,3.9,Jaci Burton,"2,075",sports
What Every Body is Saying: An Ex-FBI Agent's Guide to Speed-Reading People,3.9,Joe Navarro,"1,661",psychology
From Russia With Love,3.9,Ian Fleming,"1,446",thriller
The Great Railway Bazaar,3.9,Paul Theroux,"1,040",travel
The Da Vinci Code,3.89,Dan Brown,"51,245",romance
The Last Thing He Told Me,3.89,Laura Dave,"36,959",thriller
Crazy Rich Asians,3.89,Kevin Kwan,"34,794",romance
One Day in December,3.89,Josie Silver,"23,209",romance
The Library Book,3.89,Susan Orlean,"16,765",history
The Slow Regard of Silent Things,3.89,Patrick Rothfuss,"11,829",fantasy
Soulless,3.89,Gail Carriger,"10,752",fantasy
Grave Mercy,3.89,Robin LaFevers,"9,209",fantasy
John Dies at the End,3.89,David Wong,"6,818",horror
The Stranger,3.89,Harlan Coben,"6,198",thriller
Finnikin of the Rock,3.89,Melina Marchetta,"4,559",fantasy
"Good Me, Bad Me",3.89,Ali Land,"4,327",thriller
The Running Man,3.89,Stephen King,"4,260",thriller
The Ballad of Black Tom,3.89,Victor LaValle,"3,343",horror
I'm a Stranger Here Myself: Notes on Returning to America After Twenty Years Away,3.89,Bill Bryson,"3,107",travel
Birdman,3.89,Mo Hayder,"1,778",thriller
The Ascent of Money: A Financial History of the World,3.89,Niall Ferguson,"1,694",history
Deep Storm,3.89,Lincoln Child,"1,221",thriller
Lands of Lost Borders: Out of Bounds on the Silk Road,3.89,Kate Harris,656,travel
The Road to Oxiana,3.89,Robert Byron,211,travel
Origin,3.88,Dan Brown,"26,388",thriller
The Young Elites,3.88,Marie Lu,"14,477",fantasy
The Iron King,3.88,Julie Kagawa,"12,818",fantasy
The Eyre Affair,3.88,Jasper Fforde,"10,962",fantasy
The Last House on Needless Street,3.88,Catriona Ward,"8,736",horror
Miracle Creek,3.88,Angie Kim,"8,057",thriller
Snow Like Ashes,3.88,Sara Raasch,"7,269",fantasy
The Hundred Thousand Kingdoms,3.88,N.K. Jemisin,"6,851",fantasy
Moonwalking with Einstein: The Art and Science of Remembering Everything,3.88,Joshua Foer,"6,507",psychology
"The Ghost Map: The Story of London's Most Terrifying Epidemic—and How It Changed Science, Cities, and the Modern World",3.88,Steven Johnson,"4,438",history
The Testament,3.88,John Grisham,"3,406",thriller
Throne of Jade,3.88,Naomi Novik,"2,800",fantasy
Think of a Number,3.88,John Verdon,"2,724",thriller
The Absent One,3.88,Jussi Adler-Olsen,"2,493",thriller
I Dare You,3.88,Ilsa Madden-Mills,"2,040",sports
Coma,3.88,Robin Cook,936,thriller
History of the Peloponnesian War,3.88,Thucydides,784,history
Inferno,3.87,Dan Brown,"38,377",thriller
The 7½ Deaths of Evelyn Hardcastle,3.87,Stuart Turton,"36,352",thriller
What I Talk About When I Talk About Running,3.87,Haruki Murakami,"13,288",sports
Rivers of London,3.87,Ben Aaronovitch,"10,508",fantasy
The Darkest Part of the Forest,3.87,Holly Black,"8,525",fantasy
What She Knew,3.87,Gilly Macmillan,"6,327",thriller
When the Stars Go Dark,3.87,Paula McLain,"5,463",thriller
Déjà Dead,3.87,Kathy Reichs,"4,244",thriller
The Other People,3.87,C.J. Tudor,"3,946",thriller
The Marsh King's Daughter,3.87,Karen Dionne,"3,629",thriller
Just After Sunset,3.87,Stephen King,"2,956",horror
The Street Lawyer,3.87,John Grisham,"2,818",thriller
The Sex Lives of Cannibals: Adrift in the Equatorial Pacific,3.87,J. Maarten Troost,"2,399",travel
The Highly Sensitive Person: How to Thrive When the World Overwhelms You,3.87,Elaine N. Aron,"2,332",psychology
Velocity,3.87,Dean Koontz,"2,112",thriller
"Other Minds: The Octopus, the Sea, and the Deep Origins of Consciousness",3.87,Peter Godfrey-Smith,"2,110",science
What I Was Doing While You Were Breeding,3.87,Kristin Newman,"1,728",travel
The Amber Room,3.87,Steve Berry,"1,103",thriller
The Bear and the Dragon,3.87,Tom Clancy,601,thriller
"1,000 Places to See Before You Die",3.87,Patricia Schultz,554,travel
The Starless Sea,3.86,Erin Morgenstern,"30,936",fantasy
The Wife Between Us,3.86,Greer Hendricks,"27,425",thriller
The Maid,3.86,Nita Prose,"21,353",thriller
"In the Garden of Beasts: Love, Terror, and an American Family in Hitler's Berlin",3.86,Erik Larson,"15,681",history
My Lovely Wife,3.86,Samantha Downing,"13,759",thriller
The Plot,3.86,Jean Hanff Korelitz,"11,932",thriller
The Lost City of Z: A Tale of Deadly Obsession in the Amazon,3.86,David Grann,"6,646",history
The Devil and the Dark Water,3.86,Stuart Turton,"6,044",thriller
Before She Knew Him,3.86,Peter Swanson,"5,665",thriller
The River,3.86,Peter Heller,"4,948",thriller
The Swerve: How the World Became Modern,3.86,Stephen Greenblatt,"3,052",history
Winter Counts,3.86,David Heska Wanbli Weiden,"2,713",thriller
Dearly Devoted Dexter,3.86,Jeff Lindsay,"2,482",thriller
"You Are Not So Smart: Why You Have Too Many Friends on Facebook, Why Your Memory Is Mostly Fiction, and 46 Other Ways You're Deluding Yourself",3.86,David McRaney,"2,167",psychology
The Double Helix,3.86,James D. Watson,979,science
Getting Stoned with Savages: A Trip Through the Islands of Fiji and Vanuatu,3.86,J. Maarten Troost,799,travel
They Both Die at the End,3.85,Adam Silvera,"61,921",romance
The Guest List,3.85,Lucy Foley,"59,135",thriller
The Host,3.85,Stephenie Meyer,"42,696",fantasy
Artemis Fowl,3.85,Eoin Colfer,"12,973",fantasy
Heart-Shaped Box,3.85,Joe Hill,"9,763",thriller
The Alchemyst,3.85,Michael Scott,"8,909",fantasy
Truthwitch,3.85,Susan Dennard,"7,854",fantasy
Feed,3.85,Mira Grant,"6,640",horror
The Escape Room,3.85,Megan Goldin,"5,219",thriller
Calico Joe,3.85,John Grisham,"4,588",sports
Who Is Maud Dixon?,3.85,Alexandra Andrews,"4,146",thriller
Neither Here nor There: Travels in Europe,3.85,Bill Bryson,"3,305",travel
"Mayflower: A Story of Courage, Community, and War",3.85,Nathaniel Philbrick,"2,986",history
Turn Right at Machu Picchu: Rediscovering the Lost City One Step at a Time,3.85,Mark Adams,"1,813",travel
The Good Guy,3.85,Dean Koontz,"1,776",thriller
Frankenstein: The 1818 Text,3.84,Mary Wollstonecraft Shelley,"45,557",science_fiction
Final Girls,3.84,Riley Sager,"15,995",thriller
Can You Keep a Secret?,3.84,Sophie Kinsella,"13,598",romance
The President Is Missing,3.84,Bill Clinton,"11,422",thriller
Addicted to You,3.84,Krista Ritchie,"9,984",romance
Force of Nature,3.84,Jane Harper,"8,576",thriller
Zealot: The Life and Times of Jesus of Nazareth,3.84,Reza Aslan,"5,929",history
If I Never Met You,3.84,Mhairi McFarlane,"5,876",romance
Magyk,3.84,Angie Sage,"5,439",fantasy
Bonk: The Curious Coupling of Science and Sex,3.84,Mary Roach,"4,800",science
A Nearly Normal Family,3.84,M.T. Edvardsson,"4,779",thriller
Catching Jordan,3.84,Miranda Kenneally,"3,693",sports
The Amityville Horror,3.84,Jay Anson,"3,482",horror
At the Mountains of Madness,3.84,H.P. Lovecraft,"3,482",horror
Desperation,3.84,Stephen King,"3,296",horror
The Interpretation of Dreams,3.84,Sigmund Freud,"1,179",psychology
The Innocents Abroad,3.84,Mark Twain,"1,124",travel
Glass Sword,3.83,Victoria Aveyard,"23,826",fantasy
The Haunting of Hill House,3.83,Shirley Jackson,"21,512",thriller
The Southern Book Club's Guide to Slaying Vampires,3.83,Grady Hendrix,"21,044",thriller
Dr. Jekyll and Mr. Hyde,3.83,Robert Louis Stevenson,"17,570",thriller
Reconstructing Amelia,3.83,Kimberly McCreight,"11,916",thriller
The Prince,3.83,Niccolò Machiavelli,"10,553",history
The War of the Worlds,3.83,H.G. Wells,"10,098",science_fiction
Pieces of Her,3.83,Karin Slaughter,"7,723",thriller
Carmilla,3.83,J. Sheridan Le Fanu,"7,434",horror
"The Professor and the Madman: A Tale of Murder, Insanity and the Making of the Oxford English Dictionary",3.83,Simon Winchester,"6,708",history
Six Years,3.83,Harlan Coben,"6,378",thriller
A Natural History of Dragons,3.83,Marie Brennan,"4,282",fantasy
Unspeakable Things,3.83,Jess Lourey,"4,255",thriller
Insomnia,3.83,Stephen King,"4,098",horror
"Nudge: Improving Decisions About Health, Wealth, and Happiness",3.83,Richard H. Thaler,"3,925",psychology
The Geography of Bliss: One Grump's Search for the Happiest Places in the World,3.83,Eric Weiner,"3,794",travel
The Templar Legacy,3.83,Steve Berry,"2,386",thriller
The Paradox of Choice: Why More Is Less,3.83,Barry Schwartz,"1,774",psychology
How We Decide,3.83,Jonah Lehrer,"1,531",psychology
Tales of a Female Nomad: Living at Large in the World,3.83,Rita Golden Gelman,"1,423",travel
Every Heart a Doorway,3.82,Seanan McGuire,"16,785",fantasy
The Death of Mrs. Westaway,3.82,Ruth Ware,"15,779",thriller
Three Dark Crowns,3.82,Kendare Blake,"14,280",fantasy
The Atlas Six,3.82,Olivie Blake,"14,123",fantasy
Not a Happy Family,3.82,Shari Lapena,"9,636",thriller
The Troop,3.82,Nick Cutter,"9,235",thriller
Girls of Paper and Fire,3.82,Natasha Ngan,"7,649",fantasy
Roomies,3.82,Christina Lauren,"6,644",romance
Quidditch Through the Ages,3.82,J.K. Rowling,"6,314",fantasy
For Your Own Good,3.82,Samantha Downing,"4,409",thriller
Christine,3.82,Stephen King,"4,356",thriller
Need to Know,3.82,Karen Cleveland,"4,198",thriller
Sphere,3.82,Michael Crichton,"3,846",thriller
Let Me Lie,3.82,Clare Mackintosh,"3,806",thriller
Stumbling on Happiness,3.82,Daniel Todd Gilbert,"2,929",psychology
The Duchess War,3.82,Courtney Milan,"2,810",romance
The Husband,3.82,Dean Koontz,"2,033",thriller
The Chamber,3.82,John Grisham,"1,938",thriller
The Art of Travel,3.82,Alain de Botton,"1,544",travel
The Couple Next Door,3.81,Shari Lapena,"32,472",thriller
Apples Never Fall,3.81,Liane Moriarty,"18,290",thriller
Sometimes I Lie,3.81,Alice Feeney,"15,936",thriller
An Anonymous Girl,3.81,Greer Hendricks,"15,206",thriller
American Psycho,3.81,Bret Easton Ellis,"13,599",horror
The Cousins,3.81,Karen M. McManus,"9,319",thriller
The Winter People,3.81,Jennifer McMahon,"8,566",horror
Slade House,3.81,David Mitchell,"7,456",horror
The Broker,3.81,John Grisham,"3,293",thriller
The Lost Continent: Travels in Small Town America,3.81,Bill Bryson,"3,176",travel
Headhunters,3.81,Jo Nesbø,"2,383",thriller
How the Irish Saved Civilization: The Untold Story of Ireland's Heroic Role from the Fall of Rome to the Rise of Medieval Europe ,3.81,Thomas Cahill,"1,918",history
Ring,3.81,Kōji Suzuki,"1,785",horror
Doctor No,3.81,Ian Fleming,"1,177",thriller
Round Ireland with a Fridge,3.81,Tony Hawks,"1,109",travel
Without Reservations: The Travels of an Independent Woman,3.81,Alice Steinbach,955,travel
Driving Over Lemons: An Optimist in Andalucía,3.81,Chris Stewart,911,travel
McCarthy's Bar: A Journey of Discovery In Ireland,3.81,Pete McCarthy,497,travel
A Court of Frost and Starlight,3.8,Sarah J. Maas,"32,920",romance
Behind Her Eyes,3.8,Sarah Pinborough,"20,352",thriller
The Searcher,3.8,Tana French,"9,776",thriller
A Head Full of Ghosts,3.8,Paul Tremblay,"8,717",thriller
The End of Her,3.8,Shari Lapena,"5,562",thriller
56 Days,3.8,Catherine Ryan Howard,"4,910",thriller
I Am Not a Serial Killer,3.8,Dan Wells,"4,560",thriller
The Girl in the Mirror,3.8,Rose Carlyle,"4,245",thriller
The World Without Us,3.8,Alan Weisman,"3,708",science
The Girl in 6E,3.8,A.R. Torre,"3,590",thriller
Hannibal,3.8,Thomas Harris,"3,535",horror
The Hollow Places,3.8,T. Kingfisher,"3,409",horror
Lying in Wait,3.8,Liz Nugent,"3,273",thriller
"The Good Girl's Guide to Getting Lost: A Memoir of Three Continents, Two Friends, and One Unexpected Adventure",3.8,Rachel Friedman,361,travel
The Historian,3.79,Elizabeth Kostova,"17,219",horror
Revival,3.79,Stephen King,"11,897",horror
A Great and Terrible Beauty,3.79,Libba Bray,"10,243",fantasy
The Bone Season,3.79,Samantha Shannon,"10,028",fantasy
The Girl of Fire and Thorns,3.79,Rae Carson,"7,490",fantasy
The Strain,3.79,Guillermo del Toro,"6,781",horror
The Cheerleaders,3.79,Kara Thomas,"4,227",thriller
Civilization and Its Discontents,3.79,Sigmund Freud,"1,415",psychology
Disclosure,3.79,Michael Crichton,"1,097",thriller
In the Woods,3.78,Tana French,"25,136",thriller
Falling Kingdoms,3.78,Morgan Rhodes,"8,090",fantasy
The Girl Who Takes an Eye for an Eye,3.78,David Lagercrantz,"5,697",thriller
Goodnight Beautiful,3.78,Aimee Molloy,"3,971",thriller
Black-Eyed Susans,3.78,Julia Heaberlin,"3,547",thriller
Friend Request,3.78,Laura Marshall,"3,475",thriller
Moonraker,3.78,Ian Fleming,"1,571",thriller
Deep South: Four Seasons on Back Roads,3.78,Paul Theroux,781,travel
Shadow of the Silk Road,3.78,Colin Thubron,416,travel
Zen and the Art of Motorcycle Maintenance: An Inquiry Into Values,3.77,Robert M. Pirsig,"9,733",travel
Sister,3.77,Rosamund Lupton,"5,324",thriller
You'll Be the Death of Me,3.77,Karen M. McManus,"4,655",thriller
Under the Tuscan Sun,3.77,Frances Mayes,"3,950",travel
Her Every Fear,3.77,Peter Swanson,"3,485",thriller
Hell House,3.77,Richard Matheson,"3,252",horror
The Motorcycle Diaries: Notes on a Latin American Journey,3.77,Ernesto Che Guevara,"2,110",travel
"Lost on Planet China: The Strange and True Story of One Man's Attempt to Understand the World's Most Mystifying Nation, or How He Became Comfortable Eating Live Squid",3.77,J. Maarten Troost,"1,022",travel
Shiver,3.76,Maggie Stiefvater,"24,047",fantasy
Beautiful Creatures,3.76,Kami Garcia,"22,585",romance
Layla,3.76,Colleen Hoover,"19,511",thriller
The Wife Upstairs,3.76,Rachel Hawkins,"15,840",thriller
The Other Woman,3.76,Sandie Jones,"9,233",thriller
The Ex Talk,3.76,Rachel Lynn Solomon,"8,490",romance
The Survivors,3.76,Jane Harper,"8,483",thriller
You Are Not Alone,3.76,Greer Hendricks,"7,512",thriller
Cujo,3.76,Stephen King,"6,270",thriller
The Therapist,3.76,B.A. Paris,"6,166",thriller
The Sociopath Next Door,3.76,Martha Stout,"2,633",psychology
Eric,3.76,Terry Pratchett,"2,242",fantasy
Games People Play,3.76,Eric Berne,"1,415",psychology
Bella Tuscany,3.76,Frances Mayes,495,travel
The Chemist,3.75,Stephenie Meyer,"9,800",thriller
The Shadows,3.75,Alex North,"6,144",thriller
Never Have I Ever,3.75,Joshilyn Jackson,"5,971",thriller
The Ice Princess,3.75,Camilla Läckberg,"5,016",thriller
White Trash: The 400-Year Untold History of Class in America,3.75,Nancy Isenberg,"3,281",history
Thinner,3.75,Richard Bachman,"3,252",thriller
Strangers on a Train,3.75,Patricia Highsmith,"2,541",thriller
The Brethren,3.75,John Grisham,"2,177",thriller
Fever Pitch,3.75,Nick Hornby,"1,687",sports
The Kingdom by the Sea,3.75,Paul Theroux,241,travel
The Woman in Cabin 10,3.74,Ruth Ware,"35,467",thriller
Annihilation,3.74,Jeff VanderMeer,"21,103",horror
Neon Gods,3.74,Katee Robert,"13,590",romance
Deception Point,3.74,Dan Brown,"10,340",thriller
The Gilded Wolves,3.74,Roshani Chokshi,"8,792",fantasy
The Other Mrs.,3.74,Mary Kubica,"7,655",thriller
The Invisible Library,3.74,Genevieve Cogman,"6,469",fantasy
Pretty Baby,3.74,Mary Kubica,"4,594",thriller
Salt: A World History,3.74,Mark Kurlansky,"4,011",history
Paris to the Moon,3.74,Adam Gopnik,"1,157",travel
Those Guys Have All the Fun: Inside the World of ESPN,3.74,James Andrew Miller,658,sports
The Lost Symbol,3.73,Dan Brown,"28,723",thriller
After You,3.73,Jojo Moyes,"25,061",romance
One by One,3.73,Ruth Ware,"14,967",thriller
Sleeping Beauties,3.73,Stephen King,"8,117",horror
The Woman in Black,3.73,Susan Hill,"6,620",horror
Hex,3.73,Thomas Olde Heuvelt,"4,584",horror
The Hypnotist,3.73,Lars Kepler,"4,573",thriller
The Passenger,3.73,Lisa Lutz,"4,438",thriller
Emma in the Night,3.73,Wendy Walker,"4,395",thriller
Rose Madder,3.73,Stephen King,"3,268",horror
Cockroaches,3.73,Jo Nesbø,"3,055",thriller
The Lost Girls: Three Friends. Four Continents. One Unconventional Detour Around the World.,3.73,Jennifer Baggett,745,travel
Breaking Dawn,3.72,Stephenie Meyer,"50,273",fantasy
"In a Dark, Dark Wood",3.72,Ruth Ware,"23,044",thriller
Before the Fall,3.72,Noah Hawley,"12,923",thriller
The Chalk Man,3.72,C.J. Tudor,"11,580",thriller
The Only Good Indians,3.72,Stephen Graham Jones,"9,591",thriller
The Roanoke Girls,3.72,Amy Engel,"4,568",thriller
The Good Son,3.72,You-Jeong Jeong,"1,791",thriller
Red Rabbit,3.72,Tom Clancy,850,thriller
Cleopatra: A Life,3.71,Stacy Schiff,"5,530",history
Darling Rose Gold,3.71,Stephanie Wrobel,"5,064",thriller
The Road to Little Dribbling: Adventures of an American in Britain,3.71,Bill Bryson,"4,550",travel
The Perfect Stranger,3.71,Megan Miranda,"3,791",thriller
The King of Torts,3.71,John Grisham,"2,436",thriller
The Summons,3.71,John Grisham,"2,374",thriller
The Regulators,3.71,Richard Bachman,"1,751",horror
"My Sister, the Serial Killer",3.7,Oyinkan Braithwaite,"26,904",thriller
You Had Me at Hola,3.7,Alexis Daria,"5,491",romance
Lisey's Story,3.7,Stephen King,"4,988",horror
Our House,3.7,Louise Candlish,"4,225",thriller
The Girl from Widow Hills,3.7,Megan Miranda,"3,987",thriller
State of Fear,3.7,Michael Crichton,"3,489",thriller
In Patagonia,3.7,Bruce Chatwin,999,travel
When Dimple Met Rishi,3.69,Sandhya Menon,"10,172",romance
Digital Fortress,3.68,Dan Brown,"10,323",thriller
The Associate,3.68,John Grisham,"4,243",thriller
Fifty Shades of Grey,3.66,E.L. James,"81,274",romance
Three Cups of Tea: One Man's Mission to Promote Peace ... One School at a Time,3.66,Greg Mortenson,"22,344",travel
The Crown,3.66,Kiera Cass,"17,172",romance
Cruel Beauty,3.66,Rosamund Hodge,"11,117",fantasy
The Roommate,3.66,Rosie Danan,"8,768",romance
Cell,3.66,Stephen King,"6,766",thriller
The Ice Twins,3.66,S.K. Tremayne,"4,152",thriller
Cycle of the Werewolf,3.66,Stephen King,"2,580",horror
The Hunting Party,3.65,Lucy Foley,"17,388",thriller
Fix Her Up,3.65,Tessa Bailey,"10,275",romance
Girl A,3.65,Abigail Dean,"6,125",thriller
Rising Sun,3.65,Michael Crichton,"1,091",thriller
Dreamcatcher,3.64,Stephen King,"3,063",horror
The Twisted Ones,3.64,T. Kingfisher,"2,927",horror
Live and Let Die,3.64,Ian Fleming,"1,916",thriller
Whiteout,3.64,Ken Follett,"1,913",thriller
Twilight,3.63,Stephenie Meyer,"1,16,972",romance
Matched,3.63,Ally Condie,"34,642",romance
The Maidens,3.63,Alex Michaelides,"25,355",thriller
Baby Teeth,3.63,Zoje Stage,"9,169",thriller
The Echo Wife,3.63,Sarah Gailey,"4,707",thriller
The Ruins,3.63,Scott Smith,"4,655",horror
The Hunger,3.63,Alma Katsu,"3,275",horror
Never Saw Me Coming,3.63,Vera Kurian,"3,091",thriller
World Travel: An Irreverent Guide,3.63,Anthony Bourdain,856,travel
On the Road,3.62,Jack Kerouac,"17,239",travel
The Girl Who Loved Tom Gordon,3.62,Stephen King,"6,194",horror
The Hiding Place,3.62,C.J. Tudor,"4,003",thriller
The 39 Steps,3.62,John Buchan,"2,950",thriller
The Last Templar,3.62,Raymond Khoury,"1,827",thriller
Reckless Girls,3.61,Rachel Hawkins,"8,577",thriller
The Last House Guest,3.61,Megan Miranda,"6,613",thriller
"Eat, Pray, Love",3.6,Elizabeth Gilbert,"56,160",travel
I'm Thinking of Ending Things,3.6,Iain Reid,"20,290",horror
The Wedding Date,3.6,Jasmine Guillory,"13,477",romance
Haunted,3.6,Chuck Palahniuk,"4,959",horror
My Heart Is a Chainsaw,3.6,Stephen Graham Jones,"4,206",horror
Broken Monsters,3.6,Lauren Beukes,"2,882",thriller
Into the Water,3.59,Paula Hawkins,"27,076",thriller
Spook: Science Tackles the Afterlife,3.59,Mary Roach,"2,977",science
Bunny,3.58,Mona Awad,"14,638",horror
The Hazel Wood,3.58,Melissa Albert,"12,985",fantasy
The Witch Elm,3.58,Tana French,"11,069",thriller
"Men Are from Mars, Women Are from Venus",3.58,John Gray,"6,832",psychology
A Year in the World: Journeys of a Passionate Traveller,3.58,Frances Mayes,543,travel
New Moon,3.57,Stephenie Meyer,"52,615",romance
The Final Girl Support Group,3.57,Grady Hendrix,"10,762",horror
The Woman in the Library,3.57,Sulari Gentill,"4,259",thriller
Dexter in the Dark,3.57,Jeff Lindsay,"2,055",thriller
The Travels,3.57,Marco Polo,530,travel
Don't You Cry,3.56,Mary Kubica,"4,543",thriller
The Ex Hex,3.55,Erin Sterling,"13,352",romance
The Perfect Mother,3.55,Aimee Molloy,"5,418",thriller
Gerald's Game,3.55,Stephen King,"5,027",horror
The Lost Village,3.55,Camilla Sten,"3,486",thriller
Hannibal Rising,3.55,Thomas Harris,"2,113",thriller
Nine Perfect Strangers,3.54,Liane Moriarty,"31,755",thriller
Wicked: The Life and Times of the Wicked Witch of the West,3.54,Gregory Maguire,"25,392",fantasy
When No One Is Watching,3.54,Alyssa Cole,"9,779",thriller
We Were Never Here,3.54,Andrea Bartz,"6,773",thriller
Fierce Kingdom,3.54,Gin Phillips,"3,455",thriller
Imaginary Friend,3.53,Stephen Chbosky,"8,696",horror
Next,3.53,Michael Crichton,"3,401",thriller
Holy Cow: An Indian Adventure,3.53,Sarah Macdonald,"1,290",travel
The Magicians,3.52,Lev Grossman,"23,763",fantasy
Luckiest Girl Alive,3.52,Jessica Knoll,"12,902",thriller
The Flight Attendant,3.52,Chris Bohjalian,"8,048",thriller
The Project,3.52,Courtney Summers,"3,288",thriller
He Started It,3.51,Samantha Downing,"3,315",thriller
All Your Twisted Secrets,3.51,Diana Urban,"2,644",thriller
Zoo,3.5,James Patterson,"5,348",thriller
The Hunting Wives,3.5,May Cobb,"4,411",thriller
Wilder Girls,3.49,Rory Power,"13,002",horror
The Wrong Family,3.49,Tarryn Fisher,"5,219",thriller
Every Vow You Break,3.48,Peter Swanson,"4,541",thriller
Such a Quiet Place,3.47,Megan Miranda,"4,183",thriller
From a Buick 8,3.47,Stephen King,"2,194",horror
Bill Bryson's African Diary,3.47,Bill Bryson,646,travel
You Will Know Me,3.45,Megan Abbott,"4,347",thriller
I Know Who You Are,3.43,Alice Feeney,"4,289",thriller
There's Someone Inside Your House,3.42,Stephanie Perkins,"5,709",thriller
The Other Black Girl,3.41,Zakiya Dalila Harris,"8,657",thriller
The Perfect Nanny,3.39,Leïla Slimani,"9,888",thriller
99 Percent Mine,3.39,Sally Thorne,"8,263",romance
Five Total Strangers,3.32,Natalie D. Richards,"4,693",thriller
Pride and Prejudice and Zombies,3.31,Seth Grahame-Smith,"13,425",horror
The Silent Wife,3.31,A.S.A. Harrison,"10,261",thriller
The Cabin at the End of the World,3.31,Paul Tremblay,"7,779",horror
The Rule of Four,3.29,Ian Caldwell,"2,380",thriller
A Simple Favor,3.28,Darcey Bell,"6,301",thriller
Genuine Fraud,3.26,E. Lockhart,"6,470",thriller
The Dinner,3.23,Herman Koch,"18,128",thriller
Leave the World Behind,3.2,Rumaan Alam,"16,352",thriller
Nothing But Blackened Teeth,2.78,Cassandra Khaw,"4,181",horror
